-- MySQL dump 10.13  Distrib 8.0.41, for Win64 (x86_64)
--
-- Host: vnexpressfake-nguyenhieushanley2210-d139.k.aivencloud.com    Database: defaultdb
-- ------------------------------------------------------
-- Server version	8.0.35

/*!40101 SET @OLD_CHARACTER_SET_CLIENT=@@CHARACTER_SET_CLIENT */;
/*!40101 SET @OLD_CHARACTER_SET_RESULTS=@@CHARACTER_SET_RESULTS */;
/*!40101 SET @OLD_COLLATION_CONNECTION=@@COLLATION_CONNECTION */;
/*!50503 SET NAMES utf8 */;
/*!40103 SET @OLD_TIME_ZONE=@@TIME_ZONE */;
/*!40103 SET TIME_ZONE='+00:00' */;
/*!40014 SET @OLD_UNIQUE_CHECKS=@@UNIQUE_CHECKS, UNIQUE_CHECKS=0 */;
/*!40014 SET @OLD_FOREIGN_KEY_CHECKS=@@FOREIGN_KEY_CHECKS, FOREIGN_KEY_CHECKS=0 */;
/*!40101 SET @OLD_SQL_MODE=@@SQL_MODE, SQL_MODE='NO_AUTO_VALUE_ON_ZERO' */;
/*!40111 SET @OLD_SQL_NOTES=@@SQL_NOTES, SQL_NOTES=0 */;
SET @MYSQLDUMP_TEMP_LOG_BIN = @@SESSION.SQL_LOG_BIN;
SET @@SESSION.SQL_LOG_BIN= 0;

--
-- GTID state at the beginning of the backup 
--

SET @@GLOBAL.GTID_PURGED=/*!80000 '+'*/ '58173ec4-1538-11f0-a7c3-5697283382c4:1-65,
ba4e20e9-1549-11f0-adeb-caf4ff00b85a:1-202';

--
-- Table structure for table `Users`
--

DROP TABLE IF EXISTS `Users`;
/*!40101 SET @saved_cs_client     = @@character_set_client */;
/*!50503 SET character_set_client = utf8mb4 */;
CREATE TABLE `Users` (
  `id` int NOT NULL AUTO_INCREMENT,
  `google_id` varchar(255) DEFAULT NULL,
  `email` varchar(255) NOT NULL,
  `password` varchar(255) DEFAULT NULL,
  `display_name` varchar(100) NOT NULL,
  `role` enum('reader','author','admin') DEFAULT 'reader',
  `is_verified` tinyint(1) DEFAULT '0',
  `verification_token` varchar(255) DEFAULT NULL,
  `reset_password_token` varchar(255) DEFAULT NULL,
  `reset_token_expiry` datetime DEFAULT NULL,
  `created_at` datetime NOT NULL,
  `updated_at` datetime NOT NULL,
  PRIMARY KEY (`id`),
  UNIQUE KEY `email` (`email`)
) ENGINE=InnoDB DEFAULT CHARSET=utf8mb4 COLLATE=utf8mb4_0900_ai_ci;
/*!40101 SET character_set_client = @saved_cs_client */;

--
-- Dumping data for table `Users`
--

LOCK TABLES `Users` WRITE;
/*!40000 ALTER TABLE `Users` DISABLE KEYS */;
/*!40000 ALTER TABLE `Users` ENABLE KEYS */;
UNLOCK TABLES;

--
-- Table structure for table `articles`
--

DROP TABLE IF EXISTS `articles`;
/*!40101 SET @saved_cs_client     = @@character_set_client */;
/*!50503 SET character_set_client = utf8mb4 */;
CREATE TABLE `articles` (
  `id` int NOT NULL AUTO_INCREMENT,
  `title` varchar(255) DEFAULT NULL,
  `slug` varchar(255) DEFAULT NULL,
  `content` text,
  `thumbnail` varchar(255) DEFAULT NULL,
  `author_id` int DEFAULT NULL,
  `category_id` int DEFAULT NULL,
  `created_at` timestamp NULL DEFAULT CURRENT_TIMESTAMP,
  `updated_at` timestamp NULL DEFAULT CURRENT_TIMESTAMP ON UPDATE CURRENT_TIMESTAMP,
  PRIMARY KEY (`id`),
  UNIQUE KEY `slug` (`slug`),
  KEY `author_id` (`author_id`),
  KEY `category_id` (`category_id`),
  CONSTRAINT `articles_ibfk_1` FOREIGN KEY (`author_id`) REFERENCES `users` (`id`),
  CONSTRAINT `articles_ibfk_2` FOREIGN KEY (`category_id`) REFERENCES `categories` (`id`)
) ENGINE=InnoDB AUTO_INCREMENT=59 DEFAULT CHARSET=utf8mb4 COLLATE=utf8mb4_0900_ai_ci;
/*!40101 SET character_set_client = @saved_cs_client */;

--
-- Dumping data for table `articles`
--

LOCK TABLES `articles` WRITE;
/*!40000 ALTER TABLE `articles` DISABLE KEYS */;
INSERT INTO `articles` VALUES (1,'Sắp có nhiều chính sách hỗ trợ doanh nghiệp công nghệ','sap-co-nhieu-chinh-sach-ho-tro-doanh-nghiep-cong-','Bộ Khoa học và Công nghệ hỗ trợ các doanh nghiệp nghiên cứu, làm chủ công nghệ, với yêu cầu thực hiện nhanh, tạo ra sự đóng góp cụ thể.\r\n\r\nTại buổi làm việc của Bộ Khoa học và Công nghệ với tập đoàn CMC ngày 27/3, ông Đào Ngọc Chiến, Giám đốc Văn phòng các chương trình trọng điểm cấp Nhà nước của Bộ, nhấn mạnh vai trò của các doanh nghiệp, đặc biệt là đóng góp của doanh nghiệp tư nhân trong lĩnh vực công nghệ vào sự phát triển của Việt Nam.\r\n\r\nTrước đây, khoa học và công nghệ chưa đo đếm được các tác động cụ thể đến kinh tế, xã hội. Tuy nhiên với các nghị quyết, văn bản chỉ đạo thời gian qua, ông Chiến khẳng định Bộ Khoa học và Công nghệ sẽ lấy doanh nghiệp làm trung tâm để thúc đẩy nhiệm vụ này. \"Doanh nghiệp chỉ cần đặt vấn đề về việc nghiên cứu để phục vụ phát triển. Với các nghiên cứu cơ bản, Bộ sẽ hỗ trợ cho các viện trường nghiên cứu cùng doanh nghiệp\", ông nói.\r\n\r\n\"Đã nghiên cứu là phải đóng góp ra con số chứ không chỉ tạo ra \'tiềm năng\'\", ông nhấn mạnh.\r\n\r\nTại Diễn đàn Make in Vietnam hồi tháng 1, CMC là một trong 7 doanh nghiệp nhận nhiệm vụ làm chủ công nghệ. Hai nhiệm vụ doanh nghiệp này nhận gồm xây dựng nền tảng điện toán đám mây với trung tâm dữ liệu quy mô lớn do người Việt làm chủ; xây dựng nền tảng tri thức Việt với các trợ lý ảo hỗ trợ xây dựng và tổ chức thực hiện văn bản quy phạm pháp luật, trợ lý ảo cung cấp dịch vụ pháp lý hỗ trợ người dân.\r\n\r\nTrong buổi làm việc hôm nay, đại diện CMC cho biết đang thực hiện theo lộ trình và bắt đầu đã đạt được một số kết quả tích cực. Ví dụ, nền tảng trợ lý ảo đã được sử dụng thí điểm ở một số cơ quan để phát hiện sự chồng chéo trong văn bản pháp luật.\r\n\r\n\"Phiên bản đầu tiên đáp ứng được một phần việc cho các cán bộ pháp lý trong việc xây dựng, rà soát, kiểm tra văn bản quy phạm pháp luật\", ông Đặng Minh Tuấn, Viện trưởng Nghiên cứu Ứng dụng công nghệ CMC, phụ trách dự án cho biết. Ông Tuấn cũng nhìn nhận đây là lĩnh vực còn nhiều cơ hội và thách thức, khi các nền tảng chatbot nước ngoài khó đáp ứng yêu cầu, trong khi luật là lĩnh vực cần độ chính xác gần như tuyệt đối.\r\n\r\nVới mảng điện toán đám mây, tập đoàn chỉ ra thách thức: \"Muốn đạt chất lượng tương đương quốc tế cần mức độ đầu tư như quốc tế, đồng thời đảm bảo các yếu tố về bảo mật, đám mây có chủ quyền\".\r\n\r\nÔng Nguyễn Trung Chính, Chủ tịch CMC, cho biết với hạ tầng cho AI và cloud, tập đoàn đã đầu tư khoảng 300 triệu USD cho phần cứng và trong 5 năm tới dự kiến đầu tư thêm 500-700 triệu USD cho cả phần cứng và phần mềm hệ thống, vì vậy quan tâm đến chính sách hỗ trợ về thuế và vay vốn.\r\n\r\nBộ Khoa học và Công nghệ cho biết đang hoàn thiện dự thảo về Công nghiệp, công nghệ chiến lược, từ đó có những chính sách hỗ trợ cho doanh nghiệp. Một số nhóm giải pháp được đưa ra như ưu đãi thuế, hỗ trợ tăng chi cho nghiên cứu và phát triển.\r\n\r\n\"Danh mục công nghệ chiến lược cuối tháng 3 sẽ được ban hành, trong khi các cơ chế hỗ trợ sẽ được báo cáo trong tháng 5, không thể chậm hơn nữa\", đại diện Bộ nói.\r\n\r\nNgoài ra, Bộ cũng cho biết dự thảo Luật Khoa học và Công nghệ đang được hoàn thiện và dự kiến thông qua vào tháng 5 cũng sẽ khắc phục các điểm nghẽn với khoa học và công nghệ hiện nay. Một số quỹ như quỹ phát triển khoa học và công nghệ, quỹ đổi mới sáng tạo sẽ hỗ trợ cho các doanh nghiệp, nhằm đạt mục tiêu đột phá trong khoa học, công nghệ, đổi mới sáng tạo và chuyển đổi số.\r\n\r\nĐại diện Bộ nhắc lại yêu cầu của Bộ trưởng Nguyễn Mạnh Hùng, đề nghị doanh nghiệp nhận nhiệm vụ cần triển khai \"nhanh hơn tiến độ dự kiến\", đảm bảo các mục tiêu cam kết, đồng thời nội dung triển khai phải đo đếm được và báo cáo kết quả hàng tháng trên phần mềm của Bộ, đồng thời thể hiện rõ vai trò của người đứng đầu, chịu trách nhiệm với các kết quả.\r\n\r\n\"Làm chủ các công nghệ chiến lược để làm chủ tiến trình chuyển đổi số Việt Nam. Chỉ như vậy Việt Nam mới có thể phát triển bền vững\", Bộ trưởng Nguyễn Mạnh Hùng phát biểu tại Diễn đàn quốc gia phát triển doanh nghiệp công nghệ số Việt Nam hồi tháng 1.\r\n\r\nTheo Bộ trưởng, thay vì tập trung nhiều vào ứng dụng, gia công, các doanh nghiệp cần tập trung nhiều hơn vào làm chủ công nghệ, thiết kế, sáng tạo ra sản phẩm Việt Nam, tức các công đoạn giá trị cao hơn. Nghị quyết 57 đặt mục tiêu Việt Nam tự chủ và cạnh tranh về công nghệ, đồng thời định hướng giao các doanh nghiệp nòng cốt làm các dự án lớn, trọng điểm quốc gia về chuyển đổi số và làm chủ các công nghệ chiến lược.\r\n\r\n\"Đây là một mũi tên trúng hai đích: Vừa làm chủ tiến trình chuyển đổi số, làm chủ công nghệ chuyển đổi số, vừa hình thành các doanh nghiệp công nghệ lớn của đất nước, có năng lực cạnh tranh quốc tế\", Bộ trưởng nhấn mạnh.','https://i1-sohoa.vnecdn.net/2025/03/27/485855766-1094906802651392-900-1166-5507-1743079309.jpg?w=1200&h=0&q=100&dpr=1&fit=crop&s=jTka6csv1LOs_WLP1fiMDA',2,1,'2025-03-31 04:06:30','2025-04-04 02:29:18'),(2,'Robot mềm giúp cứu hộ nạn nhân trong đống đổ nát','robot-mem-giup-cuu-ho-nan-nhan-trong-dong-do-','Viện Công nghệ Massachusetts phát triển robot có thể giúp nhân viên cứu hộ lập bản đồ bên trong đống đổ nát sau những thảm họa như động đất, giúp tăng cơ hội cứu sống người gặp nạn.\r\n\r\nKhi thảm họa lớn xảy ra và các công trình sụp đổ, mọi người bị mắc kẹt dưới đống đổ nát. Nạn nhân ở trong môi trường độc hại này có thể gặp nguy hiểm và kiệt sức. Để giúp đội cứu hộ tìm kiếm trong đống đổ nát, Phòng thí nghiệm Lincoln của Viện Công nghệ Massachusetts cộng tác với nhóm nghiên cứu ở Đại học Notre Dame phát triển một robot mang tên Soft Pathfinding Robotic Observation Unit (SPROUT). SPROUT là một robot cây nho, loại robot mềm có thể dài ra và vượt qua chướng ngại vật hay luồn lách trong không gian nhỏ. Đội phản ứng nhanh có thể triển khai SPROUT dưới công trình đổ sập để thăm dò, lập bản đồ và tìm lối đi vào tối ưu qua đống mảnh vỡ, Phys.org hôm 2/4 đưa tin.\r\n\r\n\"Môi trường tìm kiếm cứu hộ trong đô thị có thể khắc nghiệt và thách thức, nơi ngay cả công nghệ chắc chắn nhất cũng gặp khó khăn khi hoạt động. Cách thức cơ bản mà robot cây nho hoạt động giúp giảm thiểu nhiều thách thức mà nền tảng khác phải đối mặt\", Chad Council, thành viên dự án SPROUT do Nathaniel Hanson chỉ đạo cho biết.\r\n\r\nĐội phản ứng nhanh thường xuyên tích hợp công nghệ như camera và cảm biến vào luồng công việc để tìm hiểu môi trường hoạt động phức tạp. Tuy nhiên, nhiều công nghệ trong số này có những hạn chế. Ví dụ, camera chế tạo đặc biệt cho hoạt động tìm kiếm cứu hộ chỉ có thể thăm dò theo đường thẳng bên trong công trình sụp đổ. Nếu một đội muốn tìm kiếm kỹ hơn trong đống đổ nát, họ cần tạo lỗ chui vào để tới khu vực tiếp theo. Robot rất phù hợp để thăm dò bên trên đống gạch vụn, nhưng không thích hợp để tìm kiếm trong công trình chật hẹp kém ổn định và chi phí sửa chữa rất tốn kém nếu hỏng hóc. Thách thức mà SPROUT hướng tới giải quyết là làm thế nào để chui vào bên dưới công trình sụp đổ thông qua sử dụng robot chi phí thấp, dễ vận hành, có thể mang theo camera và cảm biến, đồng thời vượt qua những đoạn đường quanh co.\r\n\r\nSPROUT bao gồm một ống có thể phồng to làm từ vật liệu kín khí mở ra từ đế cố định. Ống này phồng lên bằng khí và một motor điều khiển triển khai robot. Khi ống vươn sâu vào đống đổ nát, nó có thể uốn quanh các góc và chui qua lối hẹp. Một camera và những cảm biến khác đặt ở đầu ống chụp ảnh và lập bản đồ môi trường mà robot đang dò đường. Nhà vận hành điều khiển SPROUT bằng cần chỉnh hướng, theo dõi màn hình hiển thị dữ liệu từ camera của robot. Hiện nay, SPROUT có thể vươn xa tới 3 mét và nhóm nghiên cứu đang tìm cách mở rộng lên 7,6 mét.\r\n\r\nTrong khi chế tạo SPROUT, nhóm nghiên cứu đã vượt qua một số thách thức liên quan tới độ linh hoạt của robot. Do robot cấu tạo từ vật liệu dễ biến dạng có thể uốn cong ở nhiều điểm, suy đoán và kiểm soát hình dạng của robot khi nó triển khai trong môi trường rất khó. Xác định cách sử dụng áp suất không khí bên trong robot để điều hướng là điều thiết yếu đối với hệ thống mà đội phản ứng khẩn cấp dùng. Ngoài ra, nhóm nghiên cứu phải thiết kế ống để giảm tối đa ma sát khi robot dài ra và kỹ sư điều khiển hướng.\r\n\r\nTrong khi hệ thống điều khiển từ xa là khởi đầu tốt để đánh giá nguy cơ từ đống đổ nát, nhóm nghiên cứu cũng tìm cách mới để ứng dụng công nghệ robot như sử dụng dữ liệu do robot thu thập nhằm lập bản đồ chỗ trống dưới đống đổ nát. Để giải quyết vấn đề, Hanson và cộng sự lập mô phỏng cho phép họ tạo ra minh họa thực tế của công trình sụp đổ và phát triển thuật toán để lập bản đồ khoảng trống.\r\n\r\nPhòng thí nghiệm Lincoln đã thử nghiệm SPROUT với đội phản ứng nhanh ở khu vực huấn luyện Massachusetts Task Force 1 ở Beverly, Massachusetts. Thử nghiệm cho phép các nhà nghiên cứu cải thiện độ bền và linh động của robot, học hỏi cách triển khai và điều khiển robot hiệu quả hơn. Họ đang lên kế hoạch cho một nghiên cứu thực địa lớn hơn vào mùa xuân năm nay. Cảm biến trong không gian hạn chế không phải là vấn đề của riêng đội phản ứng nhanh trước thảm họa. Nhóm nghiên cứu dự đoán công nghệ của họ có thể sử dụng trong bảo dưỡng, hệ thống quân sự hoặc cơ sở hạ tầng thiết yếu với vị trí khó tiếp cận này.','https://bavutex.baria-vungtau.gov.vn/public/upload/files/4-4%206.JPG',2,2,'2025-03-31 04:06:30','2025-04-09 12:00:52'),(3,'6 lợi ích sức khỏe của thói quen đi bộ 15 phút mỗi ngày','6-loi-ich-suc-khoe-cua-thoi-quen-di-bo-15-phut-moi-','Đi bộ 15 phút mỗi ngày góp phần giúp hệ tiêu hóa, não bộ, đường huyết, khớp, da và hệ thần kinh khỏe mạnh, hoạt động trơn tru.\r\n\r\nĐi bộ là một trong những hoạt động tốt nhất cho cơ thể. Chỉ 15 phút đi bộ mỗi ngày có thể mang lại những thay đổi đáng ngạc nhiên mà chúng ta thường không nhận thấy.\r\n\r\nMặc dù hầu hết mọi người liên hệ việc đi bộ với giảm cân hoặc sức khỏe tim mạch, nhưng lợi ích của hoạt động này còn nhiều hơn thế.\r\n\r\nDưới đây là 6 thay đổi thú vị xảy ra khi thói quen đi bộ ngắn hàng ngày được hình thành.\r\n\r\nHệ tiêu hóa hoạt động trơn tru\r\n\r\nĐi bộ một đoạn ngắn sau bữa ăn có thể giúp ích rất nhiều cho việc tiêu hóa, giúp thức ăn di chuyển dễ dàng qua dạ dày và ruột, giảm đầy hơi và khó chịu. Đi bộ cũng kích thích vi khuẩn có lợi cho đường ruột, cải thiện sự hấp thụ chất dinh dưỡng.\r\n\r\nTheo thời gian, hệ tiêu hóa trở nên hiệu quả hơn, giúp việc đi ngoài không đều và tiêu hóa chậm chạp trở thành dĩ vãng.\r\n\r\nNão bộ được cung cấp oxy tươi mới\r\n\r\nĐi bộ giúp tăng cường lưu lượng máu giàu oxy đến não, cải thiện trí nhớ và sự tập trung, giúp loại bỏ tình trạng mệt mỏi tinh thần.\r\n\r\nCác nghiên cứu cho thấy rằng việc đi bộ ngắn thường xuyên giúp tăng cường chức năng nhận thức, giúp giải quyết vấn đề và đưa ra quyết định dễ dàng hơn. Ngay cả sự sáng tạo cũng được nâng cao, giúp các công việc hàng ngày trở nên suôn sẻ hơn.\r\n\r\nLượng đường trong máu được cân bằng hơn\r\n\r\nĐi bộ 15 phút sau bữa ăn có thể điều chỉnh đáng kể lượng đường trong máu. Chuyển động khuyến khích cơ bắp hấp thụ glucose, giảm nguy cơ tăng đột biến lượng đường trong máu. Theo thời gian, thói quen này có thể làm giảm nguy cơ kháng insulin, giúp kiểm soát quá trình trao đổi chất tốt hơn.\r\n\r\nCác khớp được bôi trơn\r\n\r\nKhớp không có nguồn cung cấp máu riêng, vì vậy chúng dựa vào chuyển động để nuôi dưỡng. Đi bộ hàng ngày đảm bảo rằng các khớp nhận được chất lỏng cần thiết để duy trì sự bôi trơn, ngăn ngừa cứng khớp và khó chịu. Thói quen đơn giản này giúp duy trì sự linh hoạt và giảm nguy cơ mắc các vấn đề liên quan đến khớp khi cơ thể lão hóa.\r\n\r\nLàn da sáng lên tự nhiên\r\n\r\nMồ hôi và tăng tuần hoàn máu trong khi đi bộ giúp da loại bỏ độc tố. Điều này dẫn đến làn da sạch hơn, đều màu hơn và sáng tự nhiên. Việc tăng cường cung cấp oxy cho tế bào da cũng hỗ trợ sản xuất collagen, giảm xỉn màu và nếp nhăn.\r\n\r\nHệ thần kinh bình tĩnh hơn\r\n\r\nĐi bộ có tác động tinh tế nhưng mạnh mẽ đến hệ thần kinh. Hoạt động này làm giảm hormone căng thẳng và tăng sản xuất các chất dẫn truyền thần kinh làm dịu như serotonin. Từ đó tạo ra tâm trạng cân bằng và sự ổn định cảm xúc tốt hơn.\r\n\r\nTheo thời gian, chất lượng giấc ngủ cũng được cải thiện, giúp cơ thể cảm thấy sảng khoái hơn.','https://i1-suckhoe.vnecdn.net/2025/04/02/dsc01196-jpg-1743575177-4678-1743575289.jpg?w=1020&h=0&q=100&dpr=1&fit=crop&s=8Q7A6bwFTTd54sCrDeT2xA',5,3,'2025-03-31 04:06:30','2025-04-04 02:31:34'),(4,'Cổ phiếu công nghệ, bán lẻ Mỹ bị bán tháo','co-phieu-cong-nghe-ban-le-bi-my-ban-thao','Thuế nhập khẩu Tổng thống Trump mới công bố khiến cổ phiếu Apple giảm gần 9%, còn Nike mất tới hơn 13%.\r\n\r\nMở cửa phiên giao dịch 3/4, cả ba chỉ số chủ chốt của thị trường chứng khoán Mỹ đều mất hơn 3%. DJIA hiện giảm 3%, tương đương gần 1.300 điểm. S&P 500 mất 3,4%. Sụt giảm mạnh nhất là Nasdaq Composite với 4,3%.\r\n\r\nNhóm cổ phiếu đại gia công nghệ Mỹ lao dốc. Apple dẫn đầu đà giảm với hơn 8,9%. Táo Khuyết sản xuất iPhone cùng nhiều thiết bị khác tại Trung Quốc và nhiều nước châu Á. Mã này đang trên đà ghi nhận phiên giảm mạnh nhất kể từ năm 2020.\r\n\r\nMeta Platforms, Nvidia, Tesla, Amazon đều giảm hơn 6%. Nvidia đang xây nhiều nhà máy chip mới tại Đài Loan. Chuỗi cung ứng của hãng này cũng phụ thuộc vào hoạt động lắp ráp tại Mexico. Cổ phiếu Microsoft và Alphabet mất hơn 2%.\r\n\r\nNhóm bán dẫn cũng không thoát khỏi tình trạng bán tháo. Marvell Technology, Arm Holdings và Micron Technology giảm hơn 8%. Broadcom, Lam Research mất hơn 6%. AMD hiện giảm hơn 4%.\r\n\r\nCác cổ phiếu bán lẻ cũng đang lao dốc. Hãng trang phục thể thao Nike hiện mất hơn 13%, chuỗi siêu thị Target đi xuống hơn 11%. Thương hiệu bán lẻ đồ thể thao Lululemon mất 12%.\r\n\r\nCác chuỗi bán lẻ này phụ thuộc vào nguồn cung từ châu Á, trong đó có Trung Quốc. Theo công bố của Mỹ, hàng hóa từ Trung Quốc hiện chịu thuế tổng cộng 54%, Việt Nam bị áp 46%, Campuchia 49% và Indonesia 32%. Việc này có thể khiến các hãng phải nâng giá bán sản phẩm.\r\n\r\nNhà đầu tư bán cổ phiếu do lo ngại cuộc chiến thương mại toàn cầu xảy ra do các động thái của Mỹ. Ngày 2/4, Tổng thống Mỹ Donald Trump công bố áp thuế nhập khẩu lên toàn bộ đối tác thương mại của nước này, với mức 10-50%. Ông khẳng định thuế này \"là tuyên bố về sự độc lập kinh tế của Mỹ\".\r\n\r\nMức thuế đối ứng của Mỹ cao hơn nhiều so với dự báo của nhà đầu tư. \"Đây là kịch bản tồi tệ nhất về thuế nhập khẩu, chưa được phản ánh vào thị trường. Đó là lý do chúng ta thấy có phản ứng phòng trừ rủi ro\", Mary Ann Bartels – chiến lược gia đầu tư tại Sanctuary Wealth nhận định.\r\n\r\nNgoài bán lẻ, công nghệ, các nhóm cổ phiếu ngân hàng, xe hơi cũng chìm trong sắc đỏ. Tuy nhiên, mức giảm nhẹ hơn, quanh 1-5%.\r\n\r\nTrên thị trường vàng, giá cũng biến động mạnh. Sau khi hạ gần 50 USD về sát 3.050 USD một ounce, vàng ngay lập tức quay đầu tăng. Hiện giá kim loại quý xoay quanh 3.100 USD.','https://i1-kinhdoanh.vnecdn.net/2025/04/03/2025-04-02t211334z-123604231-r-2109-6581-1743689875.jpg?w=1020&h=0&q=100&dpr=1&fit=crop&s=4A_rd-VpYjFqV53AkxsEyg',5,4,'2025-03-31 04:06:30','2025-04-04 02:32:36'),(5,'Rà soát các đại học tuyển ngành Y, Sư phạm bằng tổ hợp \'lạ\'','ra-soat-cac-dai-hoc-tuyen-nganh-y-su-pham-bang-to-hop-la','Các trường tuyển ngành Y mà không dùng điểm Hóa, Sinh, tuyển Sư phạm Vật lý không dùng điểm môn Lý phải rà soát lại, theo yêu cầu của Bộ Giáo dục.\r\n\r\nNgày 3/4, Thứ trưởng Giáo dục và Đào tạo Hoàng Minh Sơn trả lời VnExpress như trên về việc một số đại học dùng tổ hợp \"lạ\" để xét tuyển ngành Sư phạm, Y khoa, Ngôn ngữ. Theo ông, dù các trường có quyền tự chủ, Bộ vẫn rà soát, nhắc nhở dựa trên quy chế tuyển sinh.\r\n\r\n\"Nếu một phương thức, một tổ hợp mà không đánh giá được kiến thức, năng lực cốt lõi của người học cho ngành đấy thì các trường phải xem lại\", ông Sơn nói.\r\n\r\nTrước đó, trường Đại học Y Dược Buôn Ma Thuột (Đăk Lăk) đăng tuyển ngành Y khoa, Y học cổ truyền, Y học dự phòng, Dược học, Kỹ thuật xét nghiệm, Điều dưỡng và Y tế công cộng với nhiều tổ hợp. Trong đó, môn Toán là bắt buộc. Môn thứ hai có thể là Lý/Hóa/Sinh. Còn lại, các em được chọn một môn có điểm cao nhất trong các môn Sinh, Hóa, Lý, Văn, Ngoại ngữ, Tin học, Công nghệ. Như vậy, thí sinh có thể đăng ký xét tuyển bằng ba môn Toán, Lý, Công nghệ hay Toán, Lý, Văn.\r\n\r\nVới khối ngành Sư phạm, trường Đại học Đồng Tháp tuyển ngành Sư phạm Vật lý và Hóa học bằng khối D01, cùng một số tổ hợp khác nhưng đều không có môn Lý hoặc Hóa.\r\n\r\nNhiều trường làm tương tự, như Đại học Phan Châu Trinh (Quảng Nam), Khánh Hòa, Thủ đô Hà Nội, Sư phạm Thái Nguyên...\r\n\r\nNhiều chuyên gia cho rằng việc không sử dụng môn chính, liên quan trực tiếp tới ngành để tuyển sinh là \"rất nguy hiểm\", bày tỏ lo ngại về chất lượng đào tạo.\r\n\r\nTheo ông Sơn, tuyển sinh như trên cho thấy các trường chưa hiểu rõ về sự khác biệt giữa mùa tuyển sinh đại học năm nay và các năm trước.\r\n\r\nTrước đây, học sinh theo chương trình cũ (2006), phải học bắt buộc mọi môn. Ông ví dụ với ngành Sức khỏe, ngay cả khi không tuyển tổ hợp có Sinh học thì học sinh cũng có kiến thức nhất định, vì đã học môn này ở phổ thông.\r\n\r\nSong, 2025 là năm đầu tiên lứa học sinh theo chương trình phổ thông mới tốt nghiệp. Chương trình THPT có bốn môn bắt buộc là Toán, Văn, Lịch sử và Ngoại ngữ 1, cùng các môn lựa chọn. Vì vậy nếu một trường tuyển ngành Y mà không dùng môn Sinh có thể dẫn đến việc một thí sinh không học môn này lại trúng tuyển.\r\n\r\n\"Tất nhiên cũng phải nói em nào không học Sinh mà tự tin thi Y thì phải xem lại. Nhưng cũng có thể do các em không đủ thông tin, vẫn đăng ký và trúng tuyển\", ông Sơn nói.\r\n\r\nTheo quy chế của Bộ, các trường đại học không bị giới hạn về số tổ hợp xét tuyển. Tuy nhiên, ông Sơn cho rằng các ngành và tổ hợp tuyển sinh phải đáp ứng nguyên tắc cơ bản: có độ tin cậy, đánh giá được yêu cầu đầu vào, phân loại thí sinh. Vi phạm các nguyên tắc này, trường nên rà soát lại.\r\n\r\nĐể giải quyết, ông Sơn gợi ý các trường thêm một vài yêu cầu về ngưỡng đầu vào. Chẳng hạn ngành Y tuyển bằng Toán, Hóa và Tiếng Anh thì thêm yêu cầu bắt buộc học Sinh ở bậc phổ thông, đồng thời đưa ra ngưỡng điểm sàn học bạ với môn này.\r\n\r\n\"Hoàn toàn có giải pháp cho việc này, để em nào đã chọn thì phải có kiến thức nền về môn cần học trong chương trình. Môn này có thể không trực tiếp nằm trong tổ hợp xét tuyển, nhưng học sinh vẫn phải có kiến thức nhất định\", ông Sơn nhìn nhận.\r\n\r\nKỳ thi tốt nghiệp THPT năm 2025 diễn ra trong hai ngày 26-27/6. Nhóm thí sinh học chương trình phổ thông hiện hành (chương trình 2018) phải làm bốn bài thi, bắt buộc có Toán và Ngữ văn. Ngoài ra, các em chọn hai môn đã học ở trường (Hóa học, Vật lý, Sinh học, Địa lý, Lịch sử, Giáo dục kinh tế và pháp luật, Tin học, Công nghệ và Ngoại ngữ).\r\n\r\nTừ ngày 16/7 đến 28/7, thí sinh đăng ký, điều chỉnh, bổ sung nguyện vọng xét tuyển đại học, nộp lệ phí xét tuyển trực tuyến đến 17h ngày 5/8. Sau đó, Bộ và các trường đại học xử lý nguyện vọng xét tuyển (lọc ảo), hạn cuối là 17h ngày 20/8.\r\n\r\nNếu trúng tuyển, thí sinh phải xác nhận nhập học trên hệ thống chung của Bộ, chậm nhất đến 17h30 ngày 30/8.','https://i1-vnexpress.vnecdn.net/2025/04/03/42dc4e14-fc76-4ae2-97cd-be1a13-8887-5862-1743668405.jpg?w=1020&h=0&q=100&dpr=1&fit=crop&s=hoSNIF6fIfnEpvpsb4-D3w',2,5,'2025-03-31 04:06:30','2025-04-04 02:33:05'),(6,'Crystal Bay khai thác tour trọn gói cho du khách Kazakhstan đến Đà Nẵng','crytal-bay-khai-thac-tour-du-lich-tron-goi-cho-du-khach-kazakhstan-den-da-nang','Du khách Kazakhstan sẽ được phục vụ một kỳ nghỉ trọn vẹn từ vé máy bay, khách sạn, ẩm thực, các hoạt động vui chơi giải trí và khám phá văn hóa.\r\n\r\nSáng 2/4, những du khách đầu tiên từ Almaty (Kazakhstan) đã hạ cánh ở Đà Nẵng. Sự kiện này khởi động cho chương trình du lịch gồm 300 chuyến bay thuê chuyến, do Crystal Bay Tours (thành viên của Tập đoàn Du lịch Crystal Bay) khai thác từ ngày 2/4 đến 15/10.\r\n\r\nChiến lược đưa du khách từ Kazakhstan và các quốc gia Trung Á đến Đà Nẵng nằm trong tầm nhìn dài hạn của Crystal Bay Tours, với tham vọng biến khu vực Trung Á thành thị trường nguồn khách du lịch chủ lực cho miền Trung Việt Nam.\r\n\r\nĐại diện doanh nghiệp cho biết Đà Nẵng - thành phố của những cây cầu, bãi biển và các di sản thế giới - hứa hẹn sẽ là một khám phá thú vị và hấp dẫn cho du khách đến từ Kazakhstan, Kyrgyzstan, Uzbekistan...\r\n\r\nĐể hành trình khám phá Việt Nam trọn vẹn, hãng lữ hành đã xây dựng các gói du lịch \"All-Inclusive\". Thay vì những chuyến bay đơn thuần, du khách sẽ được phục vụ từ vé máy bay, khách sạn, ẩm thực, các hoạt động vui chơi giải trí và khám phá văn hóa đặc sắc. Tất cả được gói gọn trong một chi phí duy nhất, giúp du khách an tâm tận hưởng.\r\n\r\nTheo đại diện Crystal Bay Tours, du khách Kazakhstan hào hứng với Việt Nam nhờ sự nồng hậu, cởi mở và nét đẹp hiền hòa trong tính cách con người, cảnh quan biển tuyệt đẹp và những giá trị di sản văn hóa lâu đời, tạo nên một điểm đến sôi động và khác biệt.\r\n\r\nDoanh nghiệp đã thiết kế các tour du lịch chuyên biệt cho khách Trung Á. Những hành trình về với đêm phố cổ Hội An, vẻ đẹp huyền bí của Mỹ Sơn hay hương vị đậm đà bản sắc của ẩm thực miền Trung biến chuyến đi thành một cuộc khám phá và giao lưu văn hóa, vượt ra ngoài ý nghĩa nghỉ dưỡng thông thường.\r\n\r\nCrystal Bay Tours ước tính, mùa hè năm 2025 sẽ có hơn 50.000 lượt khách từ Kazakhstan và các nước lân cận đổ về miền Trung Việt Nam qua các chuyến bay thuê trọn gói do hãng khai thác và vận hành. Thời gian tới, Crystal Bay Tours đang lên kế hoạch mở rộng mạng lưới tour từ Astana, Shymkent, Tashkent, Bishkek..','https://i1-dulich.vnecdn.net/2025/04/03/Image-ExtractWord-0-Out-6208-1743668306.png?w=1020&h=0&q=100&dpr=1&fit=crop&s=ePCFP2T4ESSbOG7PVkuw7w',8,6,'2025-03-31 04:06:30','2025-04-09 11:55:18'),(7,'Từ huy chương Vật lý quốc tế đến các cơ quan hạt nhân hàng đầu Pháp','tu-huy-chuong-vat-ly-quoc-te-den-cac-co-quan-hat-nhan-hang-dau-phap','Dù học \"đáng gờm\" và vượt qua kỳ thi khắc nghiệt của trường kỹ thuật quân sự số 1 nước Pháp, Phạm Tuấn Hiệp vẫn đối mặt nhiều thử thách, trước khi đặt chân đến những cơ quan năng lượng hạt nhân hàng đầu.\r\n\r\nPhạm Tuấn Hiệp, 37 tuổi, là chuyên viên Cơ học vật liệu, thuộc Ban Kỹ thuật, Tập đoàn Điện lực Pháp (EDF). Anh phụ trách tính toán về sức bền Cơ học vật liệu của các mối hàn, tư vấn và hỗ trợ trực tiếp đơn vị khai thác và sản xuất điện hạt nhân về mảng này. Hiệp cũng quản lý các thầu phụ về đo lường và tính toán Cơ nhiệt; thiết lập, bổ sung và bảo vệ các hồ sơ an toàn của EDF trước Ủy ban an toàn hạt nhân quốc gia Pháp (ASN).\r\n\r\nNgoài ra, Hiệp là Tổng thư ký của Hiệp hội Điện và Năng lượng người Việt Nam tại Pháp. Anh tham gia tổ chức hội thảo, đón các chuyên gia từ Việt Nam để liên kết hợp tác, đào tạo, tư vấn cho chính phủ về chuyển dịch năng lượng.\r\n\r\nTrước đó, Hiệp là thành viên CEA (Ủy ban Năng lượng Hạt nhân và Năng lượng tái tạo Pháp), chuyên về phát triển vật liệu mới cho thanh nhiên liệu hạt nhân.\r\n\r\n\"Tôi tự hào vì mình vẫn kiên định với lựa chọn trong chuyên môn khi đặt chân đến Pháp năm 2008, tự hào về những cộng đồng Việt - Pháp mà tôi cùng những người bạn mơ lớn, làm việc tốt từ những điều nhỏ\", Hiệp chia sẻ.\r\n\r\nHiệp là cựu học sinh trường THPT chuyên Trần Phú, Hải Phòng. Say mê Vật lý từ nhỏ, đến lớp 12, anh đạt giải nhì kỳ thi học sinh giỏi quốc gia, rồi giành huy chương đồng Olympic Vật lý quốc tế năm 2006.\r\n\r\n\"Với nhiều người, Vật lý là môn khó và khô khan, nhưng với tôi nó tương đối trực quan và gần với cảm nhận của con người. Tôi muốn tìm cách giải thích các hiện tượng vật lý và ảnh hưởng của chúng\", anh Hiệp nói.\r\n\r\nHiệp sau đó được tuyển thẳng vào lớp Cử nhân tài năng của trường Đại học Khoa học tự nhiên, Đại học Quốc gia Hà Nội. Thành tích nổi bật mở ra nhiều cánh cửa cho chàng tân sinh viên lúc ấy: học bổng chính phủ đi Đức, học bổng toàn phần của Đại học Công nghệ Nanyang, Singapore...\r\n\r\nVới tư vấn của GS Vật lý Đàm Trung Đồn, anh Hiệp quyết định chọn con đường có phần \"trúc trắc\" hơn: thi vào Đại học Bách khoa Paris - trường kỹ thuật quân sự số 1 của Pháp, do Napoleon sáng lập năm 1794.\r\n\r\n\"Đó là một quyết định không dễ dàng. Nhưng tôi vẫn chọn vì muốn được tới một nước có nền kỹ thuật phát triển, ngoài khuôn khổ châu Á\", Hiệp chia sẻ.\r\n\r\nTrải qua 4 bài thi viết và nói về Toán và Vật lý, Hiệp giành học bổng cho 4 năm học của Chính phủ Pháp. Anh lên đường tới một trường đào tạo cán bộ thuyền viên để học tiếng trong 4 tháng, trước khi vào học chính thức, năm 2008.\r\n\r\nDù có thành tích học \"đáng gờm\" thời phổ thông, vốn kiến thức sẵn có và 4 tháng học tiếng không đủ để Hiệp thoát khỏi cảm giác bị ngợp trong thời gian đầu.\r\n\r\nVới kỳ thi đầu vào khắc nghiệt bậc nhất nước Pháp, tuyển chọn chỉ 500 sinh viên mỗi khóa, Đại học Bách khoa Paris là nơi tụ hội những sinh viên tài năng. Ngoài các môn khoa học cơ bản rất nặng, trường còn dạy những môn hoàn toàn mới lạ với Hiệp, như Triết học cổ điển. Anh nhìn nhận bản thân \"lúc nào cũng thấy khó\".\r\n\r\n\"Cách duy nhất để vượt qua là làm việc nhiều thêm và tự tin vào bản thân\", Hiệp tự nhủ.\r\n\r\nNgoài giờ lên lớp, học hỏi từ giáo sư và bạn bè, Hiệp dành phần lớn buổi tối để tự học trong thư viện. Trong những kỳ nghỉ dài, anh tới ở cùng một gia đình người bản xứ, tranh thủ cơ hội cải thiện tiếng Pháp.\r\n\r\nSau một thời gian, Hiệp bắt kịp về chuyên môn và hòa mình vào môi trường sống trong ký túc xá với các bạn. Anh có những kỷ niệm đẹp, như được mặc quân phục pháo binh của trường, duyệt binh trước Tổng thống Pháp trên đại lộ Champs Elysées nhân kỷ niệm ngày kết thúc thế chiến 1.\r\n\r\nSau ba năm đại học, Hiệp học song song thạc sĩ ngành kỹ sư và khoa học vật liệu tại trường Cầu đường Pháp. Trải qua một năm học, Hiệp tốt nghiệp thủ khoa lớp thạc sĩ và nhận giải thưởng \"Sinh viên xuất sắc\" hệ khoa học kỹ thuật do Hội sinh viên Việt Nam tại Pháp trao.\r\n\r\nVì đã hình dung mục tiêu tiếp tục học tiến sĩ để trau dồi chuyên môn và làm quen với ngành công nghiệp Pháp, Hiệp xin vào nghiên cứu trong một dự án về vật lý chất rắn với EDF. Nhưng đây cũng là lúc những khó khăn trở nên rõ nét nhất.\r\n\r\nKhác với thời đại học có lộ trình được định sẵn, Hiệp nhận ra mình phải chịu trách nhiệm hoàn toàn việc tiếp tục hay ngưng làm nghiên cứu tiến sĩ. Chứng kiến những người bạn có việc làm ngay trong khi bản thân còn chật vật với đề tài nghiên cứu chưa ra kết quả, có những lúc, Hiệp muốn từ bỏ để tìm định hướng tốt hơn về tài chính.\r\n\r\nRồi anh tự nhủ đó chỉ là vấn đề của sự lựa chọn và đánh đổi. \"Mỗi lần gặp khó khăn, mình đều dặn lòng: đó là con đường mình đã chọn, và đã chọn thì làm đến cùng\", Hiệp nói. Tinh thần đó giúp Hiệp hoàn thành luận án tiến sĩ sau ba năm.\r\n\r\nNăm 2016, giữa áp lực phải gấp rút tìm định hướng mới sau tốt nghiệp, Hiệp nhận được lời mời từ CEA và gắn bó suốt 7 năm.\r\n\r\nDự án quốc tế lớn đầu tiên và đáng nhớ nhất của Hiệp ở Na Uy - nơi anh làm kỹ sư nghiên cứu về vật liệu cho thanh nhiên liệu hạt nhân. Hiệp là cầu nối giữa đội ngũ nghiên cứu tại Pháp và ở lò phản ứng thí nghiệm của Na Uy trong 9 tháng. Khi dự án kết thúc, anh quay về Pháp làm quản lý cho dự án phát triển vật liệu mới cho thanh nhiên liệu hạt nhân dưới điều kiện nhiễm xạ.\r\n\r\nĐược phát triển vật liệu mới trong môi trường quốc tế và cách nhìn đa dạng về hạt nhân, Hiệp trưởng thành nhiều về chuyên môn. Anh còn học được thêm về xử lý khủng hoảng, cách thương lượng với các bên trong dự án.\r\n\r\nGiai đoạn 2021-2022, gần một nửa trong 58 nhà máy điện hạt nhân Pháp tạm dừng hoạt động vì các đường ống phụ trợ xuất hiện vết nứt, gây lo ngại về an toàn. Hiệp chọn quay trở lại EDF vào cuối năm 2023, vừa để góp phần đưa các nhà máy hạt nhân trở lại quỹ đạo, vừa để bước khỏi vùng an toàn sau thời gian dài làm nghiên cứu.\r\n\r\nSau 16 năm rèn luyện và tích lũy kinh nghiệm tại Pháp, Hiệp ấp ủ dự định quay về làm việc tại Việt Nam, trong bối cảnh dự án điện hạt nhân được tái khởi động năm 2025. Theo Hiệp, đây là cơ hội lớn cho Việt Nam và cũng là cơ hội cho mình cống hiến.\r\n\r\n\"Đây là lúc đóng góp của mình có ích nhiều nhất với yêu cầu trong nước\", Hiệp nhìn nhận.\r\n\r\nTại Pháp, Hiệp đã tham gia lãnh đạo nhiều dự án cùng Hiệp hội Điện và Năng lượng người Việt Nam (AEEE), trong đó tư vấn và tổ chức hội thảo khoa học cùng Viện Năng lượng Bộ Công thương (2021), Đại học Bách khoa Hà Nội (2022)...\r\n\r\nAnh Trần Duy Châu, chủ tịch AEEE, đồng nghiệp của Hiệp tại EDF, nhận xét anh là người năng động, có tinh thần trách nhiệm cao.\r\n\r\n\"Hiệp chan hòa, làm việc nhiệt huyết nên trong chuyên môn và hoạt động cộng đồng đều có khả năng quy tụ và truyền cảm hứng đến đồng nghiệp và bạn bè\", Châu chia sẻ.\r\n\r\nKhi Việt Nam ngày càng có nhiều dự án kỹ thuật lớn, Hiệp bày tỏ niềm tin về những đóng góp của hội đoàn người Việt Nam tại Pháp mà anh tham gia. Anh cũng tin rằng những xu thế hiện nay của ngành năng lượng của thế giới, như chuyển dịch năng lượng để đáp ứng yêu cầu về giảm phát thải ròng, là cơ hội lớn cho các bạn trẻ theo đuổi các ngành liên quan như cơ học, xây dựng, hệ thống điện, dữ liệu... Điều quan trọng là sinh viên được học bài bản tại các trường kỹ thuật lớn và liên tục trau dồi kiến thức liên quan xu thế về năng lượng.\r\n\r\nNhìn lại con đường đã đi, Hiệp cho rằng yếu tố quan trọng hơn cả sự quyết tâm là khả năng tự học. Điều này giúp con người tiến xa và bền vững, dù phải chuyển sang môi trường mới, dù con đường có rõ ràng hay không.\r\n\r\n\"Khi mình dừng tự học tức là mình ngừng phát triển\", Hiệp nói.','https://i1-vnexpress.vnecdn.net/2024/07/31/Phi-Hung-PNG-5833-1722361646.png?w=1020&h=0&q=100&dpr=1&fit=crop&s=gN4FfcU6trPnl6JgzbuDWw',5,7,'2025-03-31 04:06:30','2025-04-09 11:55:42'),(8,'Hình ảnh y học ấn tượng nhất thế kỷ 21','hinh-anh-y-hoc-an-tuong-nhat-the-ky-21','Bệnh nhân suy tim ho ra cục máu đông có hình dạng như một cây phế quản nguyên vẹn, trở thành một trong những hình ảnh y học ấn tượng nhất thế kỷ 21.\r\n\r\nNăm 2018, Tạp chí Y học New England (The New England Journal of Medicine) đăng tải hình ảnh một cấu trúc kỳ lạ, có màu đỏ anh đào và hình dạng giống cành cây. Thoạt nhìn, nhiều người có thể lầm tưởng đó là một phần của hệ thống rễ cây hoặc một mảnh san hô. Tuy nhiên, đây là một cục máu đông hoàn chỉnh, dài 15,24 cm, có hình dạng gần như giống hệt cây phế quản phải của con người – một trong hai mạng lưới ống dẫn khí vào và ra khỏi phổi. Điều đáng kinh ngạc là nó được ho ra nguyên vẹn. Bệnh nhân là một người đàn ông 36 tuổi ở California.\r\n\r\nHình ảnh cục máu đông vừa đẹp mắt vừa đáng sợ đến nay vẫn được các chuyên gia coi là một trong những hình ảnh y học ấn tượng nhất thế kỷ 21 cho đến nay.\r\n\r\nNhiều người hoang mang, lo ngại rằng đó có thể là một lá phổi bị ho ra, nhưng điều này gần như không thể xảy ra. Ngay cả các bác sĩ điều trị cũng không thể giải thích chính xác cách cục máu đông này đi qua đường thở mà không bị vỡ.\r\n\r\nTiến sĩ Georg Wieselthaler, bác sĩ phẫu thuật phổi và ghép tạng tại Đại học California, San Francisco (UCSF), cho biết bệnh nhân nhập viện trong tình trạng suy tim giai đoạn cuối. Anh được kết nối với một máy bơm hỗ trợ tâm thất để tối đa hóa lưu lượng máu, nhưng thiết bị này cũng làm tăng nguy cơ hình thành cục máu đông.\r\n\r\n\"Dòng chảy rối bên trong máy bơm có thể dẫn đến hiện tượng này, vì vậy tất cả bệnh nhân sử dụng thiết bị đều phải dùng thuốc chống đông máu\", tiến sĩ Wieselthaler giải thích.\r\n\r\nTuy nhiên, thuốc chống đông máu cũng mang đến rủi ro. Ở người khỏe mạnh, máu thiếu oxy rời khỏi tim, đi qua mạng lưới mao mạch phức tạp trong phổi để nhận oxy từ đường thở. Nếu các mạch này xuất hiện vết nứt nhỏ, cơ thể sẽ tự vá lại bằng cơ chế đông máu. Nhưng với bệnh nhân dùng thuốc chống đông, khả năng tự vá bị suy giảm, khiến các tổn thương có thể trở nên nghiêm trọng.\r\n\r\nTrong trường hợp này, máu từ mạng lưới mao mạch phổi của bệnh nhân đã tràn vào phổi phải, di chuyển đến cây phế quản. Sau nhiều ngày ho ra các cục máu đông nhỏ hơn, nam bệnh nhân đã ho mạnh và tống ra ngoài một cục máu đông lớn với hình dạng kỳ lạ. Khi tiến sĩ Wieselthaler cùng đồng nghiệp cẩn thận mở cục máu đông, họ phát hiện cấu trúc đường thở vẫn nguyên vẹn đến mức có thể xác định đó là cây phế quản phải chỉ bằng cách quan sát số lượng nhánh và cách sắp xếp của chúng.\r\n\r\n\"Chúng tôi rất ngạc nhiên. Đây là một trường hợp cực kỳ hiếm gặp\", ông nói.\r\n\r\nMặc dù hiếm, trường hợp này không phải chưa từng có tiền lệ. Một nghiên cứu năm 1926 trên Tạp chí Hiệp hội Y khoa Mỹ (The Journal of the American Medical Association) ghi nhận một phụ nữ 34 tuổi nhập viện vì nhiễm trùng đường hô hấp và ho ra \"một mảnh màng lớn\" – một lớp tế bào và chất nhầy tích tụ do nhiễm trùng – có hình dạng đúc của khí quản, hai phế quản và một số tiểu phế quản.\r\n\r\nNăm 2005, Tạp chí Phẫu thuật Tim-Lồng ngực châu Âu (European Journal of Cardio-Thoracic Surgery) công bố ảnh chụp một hình đúc cây phế quản nhỏ hơn, do một phụ nữ mang thai 25 tuổi bị rối loạn đông máu ho ra. Cô đã hồi phục và sinh con khỏe mạnh. Tuy nhiên, người phụ nữ bị nhiễm trùng đường hô hấp trong nghiên cứu năm 1926 đã không qua khỏi.\r\n\r\nViêm phế quản nhựa, một bệnh lý chủ yếu ảnh hưởng đến trẻ em, thường đi kèm với rối loạn dòng bạch huyết và các bệnh tim, phổi khác. Bệnh này có thể khiến dịch bạch huyết tích tụ trong đường thở, dần trở nên cứng và bị ho ra nguyên vẹn. Đối với bệnh nhân hen suyễn, chất nhầy cũng có thể cứng lại trong đường thở do co thắt phế quản và mất nước, từ đó bị ho ra trong các cơn hen.\r\n\r\nTuy nhiên, trong tất cả các trường hợp đã ghi nhận, chỉ có người phụ nữ mang thai năm 2005 ho ra một cục máu đông, lớn nhất từng được chụp ảnh – cho đến trường hợp của bệnh nhân tại UCSF. Máu đông ít chắc chắn và kém dính hơn bạch huyết hoặc chất nhầy cứng, vậy tại sao cục máu đông này không bị vỡ?\r\n\r\nTiến sĩ Wieselthaler cho rằng fibrinogen, một protein huyết tương có vai trò như \"keo dán\" trong quá trình đông máu, có thể là yếu tố quyết định. Bệnh nhân không chỉ bị suy tim mà còn nhiễm trùng, điều này có thể khiến nồng độ fibrinogen trong máu cao hơn bình thường. Theo ông, sự gia tăng fibrinogen có thể đã khiến cục máu đông có độ đàn hồi bất thường, giúp nó không bị vỡ khi di chuyển qua đường thở.\r\n\r\nGavitt Woodard, bác sĩ nội trú khoa phẫu thuật lồng ngực tại UCSF, người đã giúp tiến sĩ Wieselthaler chụp bức ảnh, cho rằng chính kích thước của cục máu đông đã giúp bệnh nhân ho ra được.\r\n\r\n\"Có thể vì nó quá lớn, nên bệnh nhân đã tạo đủ lực từ toàn bộ bên phải lồng ngực để đẩy nó ra ngoài. Nếu nó bị vỡ thành các mảnh nhỏ hơn, bệnh nhân có thể không tạo đủ lực để ho ra\", cô nhận định.\r\n\r\nTiến sĩ Wieselthaler cho biết, mặc dù bệnh nhân cảm thấy dễ chịu hơn ngay sau khi ho ra cục máu đông, nhưng kích thước của nó là dấu hiệu cho thấy tình trạng nghiêm trọng. Bệnh nhân được đặt ống thở và điều trị cầm máu bằng phương pháp xâm lấn, nhưng các biến chứng của suy tim đã quá nặng. Anh qua đời một tuần sau đó.\r\n\r\nChiêm ngưỡng một sản phẩm phụ của sự suy thoái cơ thể con người có thể không phải là điều dễ chịu. Tuy nhiên, bức ảnh cục máu đông này vẫn gây ấn tượng mạnh vì nó phản ánh sự phức tạp và kỳ diệu của cơ thể con người. Đó là lý do tại sao Woodard và người hướng dẫn của cô quyết định chia sẻ bức ảnh với lời đề tựa: \"Nhận ra vẻ đẹp giải phẫu của cơ thể con người là điều quan trọng nhất\".','https://i1-suckhoe.vnecdn.net/2025/03/28/fd4fbcf4ef983c8e2de4358c35ecde-8153-8865-1743147019.png?w=1020&h=0&q=100&dpr=1&fit=crop&s=y6wKr_fkg4cZlFWm7Fldlg',2,8,'2025-03-31 04:06:30','2025-04-09 11:55:58'),(9,'\'Starlink đang làm thủ tục để vào Việt Nam\'','starlink-dang-lam-thu-tuc-de-vao-viet-nam','Cục Viễn thông cho biết đang phối hợp với SpaceX để hoàn thiện thủ tục, cơ sở hạ tầng, trước khi mạng lưới Internet vệ tinh Starlink có thể hoạt động trong nước.\r\n\r\nTrong buổi làm việc với Phó thủ tướng Nguyễn Chí Dũng ngày 1/4, Bộ Khoa học và Công nghệ cho biết đang tiến hành nhiều biện pháp để thúc đẩy hạ tầng số, trong đó đặt ra hai nhiệm vụ chính năm nay là tăng tốc độ Internet di động bằng việc phủ sóng 5G và thí điểm dịch vụ viễn thông sử dụng vệ tinh tầm thấp.\r\n\r\nVới nhiệm vụ thứ hai, ngày 23/3, Chính phủ đã ban hành quyết định cho SpaceX, công ty do Elon Musk sáng lập, thí điểm có kiểm soát trong việc triển khai dịch vụ viễn thông sử dụng công nghệ vệ tinh quỹ đạo tầm thấp Starlink.\r\n\r\nÔng Nguyễn Thành Chung, Cục trưởng Viễn thông, cho biết đang làm việc với SpaceX để hỗ trợ doanh nghiệp này hoàn thiện các khâu tiếp theo trước khi có thể hoạt động ở Việt Nam. Trong đó, hai việc cần sớm được hoàn thành là SpaceX thành lập doanh nghiệp và lắp đặt Trạm cổng mặt đất trên lãnh thổ Việt Nam.\r\n\r\n\"Họ đang chuẩn bị hồ sơ, thiết bị để đưa sang Việt Nam\", ông Chung nói, thêm rằng việc này sẽ hoàn thành trong năm nay.\r\n\r\nTrước đó, quyết định của Chính phủ cũng đưa ra yêu cầu và điều kiện thí điểm với SpaceX, như thời hạn 5 năm và phải kết thúc trước 1/1/2031, với số lượng thuê bao tối đa 600.000, đồng thời đảm bảo yêu cầu về quốc phòng, an ninh. Nhà cung cấp phải đặt Trạm cổng mặt đất (Trạm Gateway) trên lãnh thổ Việt Nam, bảo đảm tất cả lưu lượng do thuê bao vệ tinh tạo ra trên lãnh thổ Việt Nam đều đi qua Trạm Gateway và kết nối vào mạng viễn thông công cộng trong nước. Dịch vụ cũng phải bảo đảm thông tin, dữ liệu của người sử dụng dịch vụ tại Việt Nam được lưu trữ tại Việt Nam; thực hiện các yêu cầu về ngăn chặn nguồn phát tán mã độc, tấn công mạng, thông tin xấu độc.\r\n\r\nSpaceX chưa đưa ra thông tin nào về việc này. Trước đó, công ty nhiều lần thể hiện mong muốn phủ sóng Internet vệ tinh tại Việt Nam.\r\n\r\nTheo Bộ trưởng Khoa học và Công nghệ Nguyễn Mạnh Hùng, Internet vệ tinh hoạt động sẽ giúp phủ sóng Internet tới các vùng sâu vùng xa. Bên cạnh đó, ông cũng yêu cầu cần đẩy mạnh tốc độ mạng di động và giao cho Cục Viễn thông \"tăng gấp đôi tốc độ truy nhập Internet di động trong năm nay\".\r\n\r\nTheo đại diện Cục, đơn vị này sẽ tiến hành giải pháp tổng thể để thúc đẩy 5G trong nước nói riêng, Internet di động nói chung, bao gồm mở rộng phạm vi phủ sóng bằng cách tăng tốc độ triển khai trạm; bổ sung dung lượng cáp quang biển; đẩy nhanh việc mở các trung tâm dữ liệu; thúc đẩy việc tiếp cận thiết bị 5G cho người dùng cũng như các gói cước hợp lý.\r\n\r\nBộ trưởng Nguyễn Mạnh Hùng nhiều lần khẳng định tầm quan trọng của hạ tầng số. Hạ tầng số được tạo thành từ các mảnh ghép hạ tầng viễn thông băng rộng, hạ tầng điện toán đám mây với hạ tầng công nghệ số và các nền tảng số.\r\n\r\nTheo Bộ trưởng, cần coi hạ tầng số quan trọng như hạ tầng giao thông, trong khi việc thiết lập nhanh và rẻ hơn. \"Hạ tầng giao thông là dòng chảy vật chất. Hạ tầng số là dòng chảy dữ liệu. Hai dòng chảy này phải luôn tương xứng với nhau. Nhưng hạ tầng số rẻ hơn rất nhiều so với hạ tầng giao thông, có thể làm nhanh hơn, có thể hiện đại ngay\", ông nói tại hội nghị triển khai Nghị quyết 26 của Bộ Chính trị hồi tháng 11/2022.\r\n\r\nBộ Khoa học và Công nghệ thời gian qua đã thực hiện nhiều biện pháp thúc đẩy hạ tầng số phát triển, trong đó đóng góp xây dựng Nghị quyết 193 của Quốc hội ban hành vào tháng 2, đồng thời soạn thảo Nghị định quy định chi tiết và hướng dẫn thi hành.\r\n\r\nĐể phát triển hạ tầng viễn thông, Nhà nước sẽ tham gia đầu tư hạ tầng số, đặc biệt về 5G, cáp quang biển. \"Bình thường mỗi nhà mạng đầu tư một năm chỉ xung quanh 5.000 trạm 5G. Nếu muốn họ đầu tư một năm 20.000 trạm để phủ sóng nhanh và trước thì Nhà nước phải hỗ trợ\", ông Nguyễn Mạnh Hùng nói tại hội nghị đầu tháng 3. Mức hỗ trợ của Nghị quyết 193 cho phép là 15% tổng giá trị đầu tư, với điều kiện nhà mạng triển khai mới 20.000 trạm tính đến cuối 2025. Thực tế sau khi Nghị quyết ra đời, Bộ cho biết đã có hai doanh nghiệp là Viettel, VNPT dự kiến triển khai số trạm BTS 5G đạt mức này.\r\n\r\nInternet di động thời gian qua cũng có nhiều chuyển biến khi sau hơn 5 tháng mạng 5G được triển khai, với tốc độ tính đến tháng 2 đạt 144,5 Mbps, xếp thứ 19 thế giới trên bảng xếp hạng của Ookla.','https://i1-sohoa.vnecdn.net/2025/04/02/DSC09672-5144-1743566388.jpg?w=1020&h=0&q=100&dpr=1&fit=crop&s=FzgmXFUqgKG_84FyaiLL5w',5,1,'2025-03-31 04:06:30','2025-04-09 11:56:10'),(10,'Cơn sốt \'đóng vỉ chân dung\' bằng ChatGPT','con-sot-dong-vi-chan-dung-bang-chatgpt','Tính năng tạo hộp đồ chơi figure với hình ảnh bản thân bằng ChatGPT được nhiều người hào hứng chia sẻ trên mạng xã hội.\r\n\r\nTính năng mới nằm trong bộ công cụ tạo ảnh Images in ChatGPT được OpenAI đưa vào chatbot từ ngày 26/3, sử dụng sức mạnh của mô hình GPT-4o. Trên các mạng xã hội Facebook, X, TikTok, nhiều người đang chia sẻ hình ảnh bản thân \"đóng vỉ\" thành đồ chơi kèm nhiều bình luận hài hước. Một số đánh giá ý tưởng không đột phá, nhưng giúp người dùng giới thiệu thông tin bản thân theo cách mới, hoặc tạo quà tặng, đồ chơi cá nhân hóa.\r\n\r\n\"Tôi thích các món đồ chơi nhỏ xinh được đóng vỉ từ lúc bé, nhưng không hình dung được sẽ thế nào khi \'ngồi\' trong đó\", chị Mỹ Huyền (TP HCM) nói. \"Tính năng mới dễ thương, dễ lan tỏa theo cách vui vẻ\".\r\n\r\n\"Đây là cách mới đầy thú vị để giới thiệu bản thân. Thay vì viết, giờ mọi người có thể biết tôi thích gì, làm gì khi nhìn vào vỉ đồ chơi\", tài khoản Nguyễn Tuấn (Bình Dương) viết trên Facebook.\r\n\r\nKhác với cơn sốt tạo ảnh hoạt hình AI phong cách Ghibli chỉ sử dụng câu lệnh (prompt) đơn giản cùng ảnh đầu vào, việc tạo \"vỉ đồ chơi\" trên ChatGPT phức tạp hơn. Câu lệnh cần dài và chi tiết bằng tiếng Anh thay vì tiếng Việt và cũng sử dụng nhiều ảnh hơn. Ngoài ảnh chính còn cần các ảnh \"phụ kiện\" trong hộp, đại diện cho sở thích hoặc thông tin liên quan đến người cần tạo ảnh.\r\n\r\nTrên một số diễn đàn và mạng xã hội, nhiều prompt có sẵn được chia sẻ. Người dùng chỉ cần thay tên, ảnh theo sở thích cá nhân và yêu cầu ChatGPT thực hiện. Sau khoảng nửa phút, bức ảnh hoàn tất.\r\n\r\nNgoài ChatGPT, tính năng \"đóng vỉ\" cũng có thể thực hiện trên Google Gemini 2.0 Flash, xAI Grok, Meta AI hoặc trình tạo ảnh AI tương tự với cùng câu lệnh. Dù vậy, nhiều người đánh giá công cụ của OpenAI vẫn \"thật\" và \"mang lại cảm xúc\" hơn.\r\n\r\nTheo Serena H. Huang, chuyên gia tư vấn về AI tại Mỹ, việc ChatGPT bổ sung tính năng mới như ảnh hoạt hình phong cách Ghibli hay tạo \"vỉ đồ chơi\" là cách để AI này ngày càng phổ biến. \"Đây là chất xúc tác mạnh mẽ để đẩy nhanh quá trình tạo nội dung như tài liệu tiếp thị, quảng bá bản thân. Nhìn chung, các cơn sốt AI giúp công cụ lan tỏa hơn, có thể biến những người hoài nghi thành người dùng sau một đêm\", bà Huang nói với Cnet.\r\n\r\nTuy nhiên, chuyên gia này cho rằng người dùng nên quan tâm đến sự phức tạp về bản quyền của nội dung do AI tạo ra. Họ cũng cần thận trọng với các bức ảnh chia sẻ cho chatbot, bởi chúng có thể biến thành nguồn dữ liệu đầu vào quan trọng để huấn luyện AI.\r\n\r\nTrước đó, khi một số trào lưu tạo ảnh AI diễn ra, giới chuyên gia đã khuyến cáo người dùng nên hạn chế sử dụng ảnh của mình để tạo ảnh AI, vì đồng nghĩa \"tự tay\" dâng dữ liệu cá nhân cho các công ty đứng sau các mô hình trí tuệ nhân tạo.','https://i1-sohoa.vnecdn.net/2025/04/03/DSC01759-JPG-1743654172-9662-1743654490.jpg?w=1020&h=0&q=100&dpr=1&fit=crop&s=b-azL8wfXK90mbO6rwctfA',2,10,'2025-03-31 04:06:30','2025-04-09 11:56:21'),(11,'Chính phủ lập tổ phản ứng nhanh khi Mỹ áp thuế với Việt Nam','chinh-phu-lap-to-phan-ung-nhanh-khi-my-ap-thue-voi-viet-nam','Thủ tướng Phạm Minh Chính yêu cầu lập ngay tổ phản ứng nhanh để có đối sách chủ động khi Mỹ áp thuế đối ứng lên tới 46% với Việt Nam.\r\n\r\nSáng 3/4, Thủ tướng Phạm Minh Chính chủ trì cuộc họp với các bộ ngành sau tuyên bố của Mỹ về mức áp thuế mới với hàng nhập khẩu từ Việt Nam. Cuộc họp có sự tham gia của người đứng đầu các Bộ: Tài chính, Công Thương, Nông nghiệp và Môi trường, Khoa học và Công nghệ, Ngân hàng Nhà nước cùng nhiều cơ quan khác.\r\n\r\n\"Việt Nam muốn Mỹ có chính sách phù hợp hơn với quan hệ tốt đẹp giữa hai nước\", Thủ tướng nói, thêm rằng điều này phù hợp với điều kiện, hoàn cảnh của Việt Nam là nước đang phát triển, phải tiếp tục khắc phục hậu quả nặng nề, kéo dài sau nhiều năm chiến tranh.\r\n\r\nThuế nhập khẩu đối ứng được Mỹ áp dụng với hơn 180 đối tác thương mại. Theo đó, khoảng một nửa số nền kinh tế chịu mức thuế chung là 10%, có hiệu lực từ ngày 5/4. Các đối tác thương mại lớn của Mỹ sẽ chịu mức cao hơn, lên tới 50%, áp dụng từ 9/4.\r\n\r\nTrong đó, Việt Nam chịu mức 46%, nằm trong nhóm các nước bị áp thuế cao nhất cùng với Trung Quốc, Campuchia, Indonesia, Myanmar.\r\nThủ tướng yêu cầu các bộ ngành \"có đối sách chủ động, linh hoạt với mọi diễn biến\". Việc này nhằm giúp Việt Nam tiếp tục vượt qua khó khăn, cú sốc từ bên ngoài như những gì đã trải qua trong bối cảnh dịch Covid-19, đứt gãy chuỗi cung ứng...\r\n\r\nLãnh đạo Chính phủ yêu cầu thành lập ngay tổ phản ứng nhanh về vấn đề này do Phó thủ tướng Bùi Thanh Sơn đứng đầu. Ông giao Phó thủ tướng Hồ Đức Phớc chỉ đạo các bộ ngành, ghi nhận ý kiến từ doanh nghiệp, nhất là đơn vị xuất khẩu lớn.\r\n\r\nThủ tướng Phạm Minh Chính nhấn mạnh, tình hình hiện nay cho thấy cạnh tranh thương mại diễn ra gay gắt, phức tạp và khó đoán định. Song theo ông, đây cũng là cơ hội cơ cấu lại nền kinh tế theo hướng phát triển nhanh nhưng bền vững, dựa vào công nghệ, đổi mới sáng tạo.\r\n\r\nTheo Thủ tướng, Việt Nam có cơ hội để xây dựng nền kinh tế độc lập, tự chủ gắn với hội nhập quốc tế sâu rộng, thực chất, hiệu quả. Cùng với đó, Việt Nam có thể mở rộng, đa dạng sản phẩm, chuỗi cung ứng, thúc đẩy và khai thác thị trường nội địa hóa. \"Mục tiêu tăng trưởng GDP năm 2025 từ 8% trở lên là không thay đổi\", ông nói thêm.\r\n\r\nÔng Đỗ Ngọc Hưng, Tham tán Thương mại Việt Nam tại Mỹ cho biết các nhóm hàng chịu tác động từ chính sách thuế vừa công bố của Mỹ gồm thủy sản, nhựa, cao su, gỗ, giấy bột giấy, dệt may, giày dép, máy móc, thiết bị, linh kiện, máy móc thiết bị, điện tử...\r\n\r\nCác doanh nghiệp lo ngại hàng hóa sẽ chịu tác động \"rất căng thẳng\" khi Mỹ áp thuế đối ứng với Việt Nam lên tới 46% - thuộc nhóm nước chịu thuế suất cao. Điều này khiến giảm cạnh tranh của hàng Việt so với sản phẩm từ các nước khác.\r\n\r\nTheo số liệu từ Cục Hải Quan, năm 2024 Việt Nam xuất khẩu sang Mỹ lượng hàng trị giá 119,5 tỷ USD và nhập từ thị trường này 15,1 tỷ USD. Có 15 mặt hàng xuất khẩu tỷ USD, trong đó 3 nhóm áp đảo gồm máy tính - linh kiện với 23,2 tỷ USD; máy móc thiết bị và dệt may lần lượt 22 tỷ và 16,2 tỷ USD.\r\n\r\nĐiện thoại, gỗ hay giày dép cũng là nhóm hàng đem lại giá trị lớn, dao động 8,3-9,8 tỷ USD. Nông sản cũng có đóng góp quan trọng, như hạt điều và thủy sản lần lượt 1,15 tỷ và 1,83 tỷ USD hay cà phê gần 323 triệu USD.\r\n\r\nTrong bối cảnh này, ông Đỗ Ngọc Hưng cho rằng Việt Nam cần triển khai hiệu quả các cơ chế hợp tác, thỏa thuận song phương với Mỹ như Hiệp định khung về thương mại và đầu tư Việt Nam - Mỹ (TIFA), Hiệp định thương mại song phương Việt - Mỹ (BTA). Việt Nam cũng cần cụ thể việc tăng nhập khẩu một số sản phẩm thế mạnh của Mỹ phù hợp với nhu cầu trong nước.\r\n\r\nCùng với đó, theo ông Hưng, Việt Nam cần tăng thu hút doanh nghiệp Mỹ đầu tư vào những lĩnh vực, sản phẩm chiến lược mà họ có lợi thế và hai nước có nhu cầu. Việc này theo hướng tăng hàm lượng và tỷ lệ nguồn gốc thành phần Mỹ trong sản phẩm.\r\n\r\nBộ trưởng Tài chính Mỹ Scott Bessent trước đó nói với các nghị sĩ đảng Cộng hòa tại Thượng viện rằng thuế đối ứng sẽ là \"mức trần\" mà Mỹ áp dụng với các nước. Mức này có thể giảm xuống nếu các đối tác thương mại đáp ứng yêu cầu của chính quyền Trump.\r\n\r\nDù vậy, một số sản phẩm của các nước sẽ không phải chịu thuế đối ứng. Ví dụ, nhôm, thép, xe hơi, phụ tùng xe hơi đã bị Mỹ áp thuế 25% trước đó, sẽ tiếp tục áp dụng mức này. Tương tự, vàng, đồng, dược phẩm, sản phẩm bán dẫn, gỗ và một số loại năng lượng, khoáng sản không có tại Mỹ cũng không phải tuân thủ thuế đối ứng.','https://i1-kinhdoanh.vnecdn.net/2025/04/03/vna-potal-thu-tuong-chu-tri-cu-8257-2217-1743656322.jpg?w=1020&h=0&q=100&dpr=1&fit=crop&s=pO_qjBi-8j85Ldgjp87Atw',2,11,'2025-04-03 13:12:08','2025-04-09 11:56:32'),(12,'Việt Nam để quốc tang tưởng nhớ nguyên Chủ tịch Lào Khamtay Siphandone','viet-nam-de-quoc-tang-tuong-nho-nguyen-chu-tich-lao-khamtay-siphandone','Việt Nam sẽ để tang nguyên Chủ tịch Lào Khamtay Siphandone theo nghi thức quốc tang trong ngày 4-5/4.\r\n\r\nĐể tỏ lòng thương tiếc nguyên Chủ tịch Lào Khamtay Siphandone và xuất phát từ quan hệ đặc biệt Việt Nam - Lào, Ban Chấp hành Trung ương Đảng Cộng sản Việt Nam, Quốc hội, Chủ tịch nước, Chính phủ và Ủy ban Trung ương Mặt trận Tổ quốc Việt Nam quyết định để tang ông Khamtay Siphandone theo nghi thức quốc tang trong ngày 4-5/4, theo thông cáo đặc biệt của Bộ Ngoại giao hôm nay.\r\n\r\nTrong thời gian này, các cơ quan, công sở trong phạm vi cả nước và các cơ quan đại diện của Việt Nam tại nước ngoài treo cờ rủ, có dải băng tang như quy định, không tổ chức hoạt động vui chơi, giải trí công cộng.\r\n\r\nNguyên Chủ tịch Lào Khamtay Siphandone từ trần lúc 10h30 ngày 2/4 tại nhà riêng ở thủ đô Vientiane. Lào tổ chức quốc tang trong 5 ngày, từ 3/4 đến 7/4, tại Trung tâm Hội nghị quốc gia ở Vientiane.\r\n\r\nTổng Bí thư Tô Lâm hôm nay dẫn đầu đoàn lãnh đạo cấp cao của Đảng, Nhà nước Việt Nam sang viếng ông Khamtay Siphandone, bày tỏ đau xót trước sự ra đi của nguyên Chủ tịch Lào và gửi tới các lãnh đạo, nhân dân Lào và gia quyến ông Khamtay Siphandone lời chia buồn sâu sắc nhất.\r\n\r\nBan Chấp hành Trung ương Đảng Cộng sản Việt Nam, Chủ tịch nước, Chính phủ, Quốc hội, Uỷ ban Trung ương Mặt trận Tổ quốc Việt Nam trước đó gửi điện chia buồn, bày tỏ lòng tiếc thương vô hạn khi được tin ông Khamtay Siphandone từ trần.\r\n\r\nÔng Khamtay Siphandone sinh năm 1924 tại làng Huakhongphayai, huyện Khong, hiện thuộc tỉnh Champasack, trong gia đình nông dân. Năm 1931, một viên chức đã đưa ông đi học tại Vientiane. Ông vượt qua kỳ thi tuyển sinh vào trường PAVIE danh tiếng (hiện là trung học Vientiane), trường trung học duy nhất ở Lào khi đó.\r\n\r\nCuối năm 1941, viên chức giúp đỡ ông đột ngột qua đời, gia đình gặp khó khăn về tài chính và ông phải nghỉ học, bắt đầu làm nghề đưa thư. Ông sau đó đến Sài Gòn học khóa đào tạo chuyên ngành và trở về Lào năm 1944, trở thành viên chức điện báo ở tỉnh Phongsaly.\r\n\r\nNhững năm sau đó, ông tham gia phong trào giành độc lập khỏi sự cai trị của Pháp. Năm 1947, ông Khamtay Siphandone tham gia lực lượng của Mặt trận Lào Issara. Ông trở thành đảng viên Đảng Cộng sản Đông Dương năm 1954 và gia nhập Đảng Nhân dân Cách mạng Lào một năm sau đó. Trong sự nghiệp cách mạng, ông đảm nhiệm nhiều trọng trách, được phong quân hàm Đại tướng.\r\n\r\nSau khi Cộng hòa Dân chủ Nhân dân Lào được thành lập năm 1975, ông Khamtay Siphandone giữ chức bộ trưởng quốc phòng, rồi trở thành phó thủ tướng. Ông nhậm chức thủ tướng năm 1991 và giữ chức chủ tịch nước từ năm 1998 đến 2006. Ông là Chủ tịch Ban Chấp hành Trung ương Đảng Nhân dân Cách mạng Lào từ năm 1992 đến 2006.\r\n\r\nTrong công cuộc bảo vệ, xây dựng và phát triển đất nước, nguyên Chủ tịch Khamtay Siphandone đã hợp tác chặt chẽ với Việt Nam để trao đổi, chia sẻ kinh nghiệm, hỗ trợ và giúp đỡ lẫn nhau.','https://i1-vnexpress.vnecdn.net/2025/04/07/thu-tuong-jpeg-1744014383-5999-1744015108.jpg?w=1020&h=0&q=100&dpr=1&fit=crop&s=z2FAfbkXqKEMbUrwm8BpRA',5,11,'2025-04-03 13:19:22','2025-04-09 11:56:45'),(13,'HLV Kim Sang-sik: \'Tôi sẽ không để Việt Nam thua Hàn Quốc 0-6\'','hvl-kim-sang-sik-toi-se-khong-de-viet-nam-thua-han-quoc-0-6','Trong cuộc phỏng vấn với tờ Chosun, HLV Kim Sang-sik đề cao sự ghen tị và tính hy sinh của cầu thủ, đồng thời khẳng định Việt Nam sẽ không thua Hàn Quốc sáu bàn nếu tái đấu.\r\n\r\n- Khi đến Việt Nam, ông có cảm thấy áp lực với sự nổi tiếng của tiền bối Park Hang-seo?\r\n\r\n- Dưới thời HLV Park Hang-seo, các cầu thủ có khát khao và mong muốn trở thành ngôi sao. Nhưng bây giờ, họ nổi tiếng hơn cả các nghệ sĩ và lái xe sang. Công việc đặt ra là làm cho những ngôi sao không thiếu thứ này vẫn có động lực chơi bóng theo phương pháp của tôi. Rất may, HLV Park đã chỉ cho tôi rất nhiều về đặc điểm của các cầu thủ Việt Nam.\r\n\r\n- Ông áp dụng phong cách lãnh đạo và làm thân với cầu thủ khác HLV Park thế nào?\r\n\r\n- HLV Park được xem như người bố, còn tôi theo triết lý \"lãnh đạo như một người anh cả\". Tôi nêu rõ những gì cần làm trong tập luyện vì đó là quyền hạn của tôi. Phần còn lại là tạo ra tự do.\r\n\r\nHai việc đầu tiên tôi làm là ghi tên và ảnh 50 thành viên ĐTQG lên bảng để học phát âm. Tôi cũng học thuộc Quốc ca Việt Nam để cho người hâm mộ thấy tôi đến đây với mong muốn giúp bóng đá phát triển.\r\n\r\nTuy nhiên, việc giao tiếp trong một sân vận động ồn ào không dễ dàng. Chúng tôi dùng những ký hiệu, như lắc bảng nghĩa là \"gây áp lực\" hay vẫy khăn nghĩa là \"thay đổi chiến thuật\". Nó cũng giống như cách đô đốc lừng danh Yi Sun-shin* của Hàn Quốc triển khai đội hình cánh hạc bằng cách đánh trống.\r\n\r\n- Không dùng điện thoại trong khi ăn là quy tắc dưới thời HLV Park Hang-seo. Ông có làm điều tương tự?\r\n\r\n- Tôi không phải người thích nói đừng làm cái này, đừng làm cái kia. Với tôi, cầu thủ có thể mang theo điện thoại nhưng hãy nói chuyện với nhau. Tôi cũng nói với họ rằng hãy biết giữ lời, tháo khuyên tai ra vì nó có thể làm bạn bị thương. Tôi rất nghiêm khắc trong huấn luyện, nhưng dễ dãi hơn trong đời thường.\r\n\r\n- Dễ dãi quá không cẩn thận sẽ dẫn tới một tập thể vô kỷ luật. Ông nghĩ sao?\r\n\r\n- Khi thành tích của đội tuyển tại giải được cải thiện, họ muốn mời vợ, bạn gái và gia đình đến nơi đóng quân. Tôi nói rằng suốt ba tuần tập huấn ở Hàn Quốc, tôi còn không được ăn một bữa với gia đình. Tôi nhắc cầu thủ rằng hãy vô địch mới có thể lo được nhiều thứ hơn cho gia đình. Vì vậy, tôi cấm gia đình cầu thủ vào nơi đóng quân. Cầu thủ cũng sợ khi tôi tức giận.\r\n\r\n- Tuy nhiên, ông cũng chịu nhiều nghi vấn khi loại nhiều cầu thủ ngôi sao trước ASEAN Cup 2024?\r\n\r\n- Khi đến Việt Nam, tôi thấy tỷ lệ chiến thắng chỉ là 49% so với thất bại. Tôi tính toán rằng nếu không nhích thêm được 1% thì chắc chắn thất bại. Tôi phải thay đổi và mạnh dạn loại ngay cả những cầu thủ ngôi sao. Đầu tôi lúc ấy nghĩ rằng nếu không thắng giải này, tôi sẽ xách valy về nước.\r\n\r\n- Ông có nghĩ đức tính cần thiết với một cầu thủ là quản lý bản thân nghiêm ngặt không?\r\n\r\n- Không. Đức tính lớn nhất của một cầu thủ là biết giảm thiểu khuyết điểm. Trước đây, tôi gặp cầu thủ không uống nước ngọt có gas vì đang tập gym. Anh ấy thậm chí khi ăn pizza cũng chỉ uống sữa. Đó là lẽ thường đúng không, nhưng tại sao bạn lại tự tạo căng thẳng và có thể dẫn đến sa sút phong độ. Những cầu thủ làm bản thân mệt mỏi sẽ tự chôn vùi sự nghiệp và có thể phải giải nghệ nhanh. Cuộc đời một cầu thủ rất dài.','https://i1-thethao.vnecdn.net/2025/04/03/hlv-kim-sang-sik24-jpg-1743654-1631-3566-1743654979.jpg?w=1020&h=0&q=100&dpr=1&fit=crop&s=rzwZaZABlHdgyEEHrGZ1QA',8,12,'2025-04-03 13:28:19','2025-04-09 11:57:04'),(14,'Nứt tường ở hơn 300 căn hộ chưa ghi nhận ảnh hưởng kết cấu','nut-tuong-o-hon-300-can-ho-chua-ghi-nhan-anh-huong-ket-cau','TP HCMHơn 300 căn hộ chung cư tại quận 8 nứt tường nghi ảnh hưởng động đất ở Myanmar, song chưa ghi nhận ảnh hưởng kết cấu tòa nhà, theo đại diện Sở Xây dựng.\r\n\r\nThông tin được ông Nguyễn Ngọc Minh Phú, Phó phòng Quản lý chất lượng công trình, Sở Xây dựng TP HCM, nêu tại họp báo tình hình kinh tế, xã hội ở thành phố, chiều 3/4.\r\n\r\nCác căn hộ bị nứt tường thuộc chung cư Diamond Riverside, phường 16. Cư dân tại đây cho biết các vết nứt, bong tróc xuất hiện sau dư chấn động đất ở Myanmar, xảy ra hôm 28/3.\r\n\r\nTheo ông Phú, sau khi xảy ra tình trạng rung lắc do ảnh hưởng động đất, Sở Xây dựng phối hợp UBND quận 8 khảo sát thực tế tại khu chung cư nêu trên và ghi nhận các vết nứt, bong tróc có độ sâu, dài khác nhau. Do chưa đủ thời gian rà soát hết toàn bộ số căn hộ, tại buổi kiểm tra hôm 31/3, các đơn vị mới phát hiện các vết nứt trên tường có chức năng bao che, ngăn chia không gian và chưa ghi nhận nứt kết cấu như cột, dầm, sàn.\r\n\r\nCũng theo đại diện Sở Xây dựng, qua làm việc phía chủ đầu tư chung cư Diamond Riverside khẳng định công trình thiết kế theo tiêu chuẩn xây dựng, đảm bảo khả năng chịu lực, đã được Cục Giám định nhà nước về chất lượng công trình xây dựng (Bộ Xây dựng) kiểm tra, nghiệm thu. Ban quản trị chung cư sẽ phối hợp chủ đầu tư và các bên liên quan tổ chức kiểm tra, đánh giá mức độ an toàn nơi xảy ra hiện tượng nứt theo phản ánh của cư dân.\r\n\r\n\"Chúng tôi sẽ yêu cầu chủ đầu tư có biện pháp khắc phục kịp thời và tiếp tục cập nhật thông tin cho đến khi kết luận chính thức\", ông Phú nói và mong người dân yên tâm. Đồng thời, ông cho biết thêm ngoài chung cư Diamond Riverside, đến nay Sở Xây dựng chưa nhận phản ánh nào khác về tình trạng tương tự, chỉ ghi nhận trên các trang thông tin về một số công trình có hiện tượng người dân chạy ra ngoài khi xảy ra dư chấn.\r\n\r\nTuy nhiên, để đảm bảo kiểm tra toàn diện, Sở Xây dựng hiện đề nghị các quận huyện, TP Thủ Đức rà soát, thống kê các công trình tập trung đông người trên địa bàn bị ảnh hưởng dư chấn. Từ kết quả thống kê, ngành chức năng sẽ yêu cầu các chủ sở hữu, đơn vị quản lý thuê đơn vị có năng lực kiểm tra kết cấu chịu lực công trình để phát hiện hư hỏng, đánh giá khả năng chịu lực và đề xuất phương án khắc phục nếu có tình trạng trên.\r\n\r\nĐại diện Sở Xây dựng TP HCM cũng cho biết các tòa nhà cao tầng khi xây phải tuân thủ quy chuẩn, tiêu chuẩn xây dựng hiện hành, trong đó có các quy định an toàn chống động đất. Cơ quan chức năng sẽ thẩm tra, thẩm định trước khi công trình đưa vào sử dụng.\r\n\r\nĐộng đất mạnh hơn 7 độ ở Myanmar xảy ra lúc 13h20 ngày 28/3, khiến TP HCM, Hà Nội bị rung chấn. Trong đó, hiện tượng rung lắc ở TP HCM được ghi nhận diện rộng tại nhiều tòa nhà cao tầng, đặc biệt là khu vực quận 7, 8, trung tâm quận 1, kéo dài gần 20 giây.','https://i1-vnexpress.vnecdn.net/2025/04/03/z6470414231407-ccd2a44d93fba8d-5644-4331-1743680327.jpg?w=1020&h=0&q=100&dpr=1&fit=crop&s=H85xpe8Bh8B47eWHqmp3hA',5,13,'2025-04-03 13:41:19','2025-04-09 11:57:16'),(15,'Hà Nội dự kiến giảm 50% xã, phường','ha-noi-du-kien-giam-50-xa-phuong','Hà Nội xây dựng phương án sắp xếp các đơn vị hành chính cấp xã, dự kiến giảm khoảng 50% so với hiện tại, từ 526 phường, xã, thị trấn, xuống còn khoảng 263 đơn vị.\r\n\r\nThông tin này được Giám đốc Sở Nội vụ Hà Nội Trần Đình Cảnh báo cáo tại hội nghị giao ban quý I/2025 giữa Thường trực Thành ủy, HĐND, UBND thành phố với các quận, huyện, thị xã, chiều 3/4.\r\n\r\nTheo dự thảo phương án, việc sắp xếp sẽ dựa trên các nguyên tắc chung của Trung ương và các nguyên tắc riêng áp dụng cho đô thị đặc biệt như Hà Nội. Trong đó, yếu tố quy hoạch phát triển đô thị (hai đô thị trực thuộc phía Bắc và phía Tây), định hướng phát triển vùng du lịch, công nghiệp và dư địa phát triển của từng địa phương được đặc biệt chú trọng.\r\n\r\nBên cạnh đó, phương án cũng đảm bảo giữ gìn những nét đặc trưng, bản sắc văn hóa của các vùng, đặc biệt là các vùng văn hóa tiêu biểu như Thăng Long, xứ Đoài, Kinh Bắc, Sơn Nam Thượng. Chức năng của từng địa phương được cân nhắc, ví dụ như Ba Đình là trung tâm chính trị hành chính quốc gia, Hoàn Kiếm cần bảo tồn giá trị văn hóa 36 phố phường, hay Sơn Tây giữ nét đặc sắc văn hóa xứ Đoài.\r\n\r\nCác đơn vị hành chính có vị trí biệt lập, khó khăn trong kết nối giao thông sẽ được xem xét, ví dụ như xã Minh Châu (huyện Ba Vì).\r\n\r\nHà Nội cũng tính đến việc áp dụng cách đặt tên theo số thứ tự hoặc theo tên huyện cũ kèm số, theo tinh thần chỉ đạo từ Trung ương, nhằm tối ưu hóa công tác số hóa và quản lý dữ liệu (ví dụ: Thanh Xuân 1, Thanh Xuân 2, Đan Phượng 1, Đan Phượng 2...). Bên cạnh đó, thành phố đặc biệt chú trọng việc bảo tồn và vinh danh các địa danh nội đô giàu truyền thống văn hóa, lịch sử, cách mạng, mang đậm dấu ấn của Thủ đô và đất nước.\r\n\r\nCác đơn vị lân cận sẽ được đặt tên theo các địa danh lịch sử, văn hóa, cách mạng đặc sắc khác, tránh trùng lặp. Đơn cử như quận Hoàn Kiếm có thể giữ nguyên tên; từ quận Đống Đa có thể hình thành các đơn vị mang tên Đống Đa, Kim Liên, Văn Miếu - Quốc Tử Giám; tương tự với Hai Bà Trưng (có thể có Bạch Mai), Đông Anh (có thể có Cổ Loa), Hà Đông (có thể giữ Hà Đông), Sơn Tây (có thể giữ Sơn Tây)...\r\n\r\nTrụ sở hành chính của các đơn vị mới sẽ được ưu tiên lựa chọn từ trụ sở của một trong các đơn vị cấp xã hiện hữu, nhằm đảm bảo bộ máy chính quyền cấp cơ sở sớm ổn định và vận hành hiệu quả.\r\n\r\nSở Nội vụ Hà Nội cho biết trên cơ sở ý kiến đóng góp từ các cấp, UBND thành phố sẽ hoàn thiện phương án sắp xếp và lấy ý kiến nhân dân. Song song đó, thành phố sẽ triển khai các bước cần thiết để xây dựng và thông qua Đề án, báo cáo Thường trực Thành ủy, Ban Thường vụ Thành ủy, Ban Chấp hành Đảng bộ Thành phố, trình HĐND thành phố ban hành nghị quyết ủng hộ chủ trương trước khi trình lên Chính phủ phê duyệt.','https://i1-vnexpress.vnecdn.net/2025/04/03/HO-GU-O-M-2-1743668960-6535-1743669314.jpg?w=1020&h=0&q=100&dpr=1&fit=crop&s=YXmR4W_l2ut5wb_YZuT96g',2,13,'2025-04-03 13:44:49','2025-04-09 11:57:31'),(16,'Chứng khoán giảm 88 điểm','chung-khoan-giam-88-diem','Tổng thống Mỹ Donald Trump sáng nay (giờ Việt Nam) công bố thuế nhập khẩu với hơn 180 nền kinh tế, trong đó Việt Nam chịu mức 46%. Thông tin ngay lập tức tác động tiêu cực đến thị trường chứng khoán trong nước, tạo ra tình trạng bán tháo trên diện rộng.\r\n\r\nVN-Index mất 67 điểm ngay phiên khớp lệnh xác định giá mở cửa (ATO), sau đó thu hẹp biên độ còn 40 điểm. Diễn biến này không kéo dài lâu bởi áp lực xả hàng của nhà đầu tư trong và ngoài nước dâng lên đột ngột từ nửa cuối buổi sáng.\r\n\r\n\"Nhà đầu tư đang hoảng loạn quá mức, dẫn tới hiệu ứng domino\", ông Võ Công Minh - Giám đốc chi nhánh Công ty cổ phần Chứng khoán ACB nói nhanh với VnExpress.\r\n\r\nThị trường có lúc chỉ còn 5 cổ phiếu tăng điểm gồm YBM, DTL, S4A, PGI và HAS. Ở chiều ngược lại, số lượng cổ phiếu giảm có lúc lên đến 521 mã. Hơn nửa phân trong số này mất hết biên độ và không có bên mua, trong khi khối lượng dư bán có mã lên đến vài chục triệu cổ phiếu.\r\n\r\nToàn bộ cổ phiếu vốn hóa lớn đều chốt phiên dưới tham chiếu, trong đó 28 mã chạm sàn. Theo thống kê của Công ty Chứng khoán VNDirect, 5 cổ phiếu tác động tiêu cực nhất đến thị trường hôm nay cũng đứng đầu bảng xếp hạng vốn hóa, lần lượt là VCB, BID, VIC, CTG, VHM.\r\n\r\nLực cầu xuất hiện rải rác ở một số cổ phiếu trong những phút cuối không cứu vãn VN-Index khỏi phiên giảm mạnh nhất trong lịch sử (tính theo điểm số tuyệt đối). Chỉ số đại diện cho sàn TP HCM chốt phiên tại 1.229,84 điểm, giảm gần 88 điểm so với tham chiếu.\r\n\r\nTính theo điểm số tương đối, VN-Index mất 6,68% - gần biên độ dao động tối đa là 7% theo quy chế giao dịch của cơ quan quản lý thị trường. Đây là phiên giảm mạnh thứ hai trong lịch sử nếu xét theo tiêu chí này. Phiên giảm mạnh nhất từng được ghi nhận vào ngày 10/9/2001 với 6,89%. Tuy nhiên, mức độ tương quan giữa hiện tại và năm 2001 hoàn toàn khác, bởi thị trường chứng khoán Việt Nam lúc đó còn sơ khai, mới có 5 mã chứng khoán và VN-Index chỉ hơn 200 điểm.\r\n\r\nNhà đầu tư nước ngoài xả hàng trên diện rộng với giá trị bán ròng xấp xỉ 3.700 tỷ đồng. MBB chịu áp lực bán quyết liệt nhất khi khối lượng giao dịch ròng của khối ngoại lên đến 30 triệu cổ phiếu, sau đó đến TPB, TCB, SSI.\r\n\r\nĐiểm tích cực duy nhất của thị trường là lực hấp thụ rất mạnh, nhờ đó thanh khoản thị trường cũng lên mức cao kỷ lục. Hôm nay có 1,76 tỷ cổ phiếu được sang tay thành công trên sàn TP HCM. Giá trị giao dịch theo đó đạt 39.630 tỷ đồng, gấp đôi so với hôm qua.\r\n\r\nÔng Võ Công Minh nói rằng điều này cho thấy \"trong nguy có cơ\", bởi có người bán mạnh nhưng cũng có nhà đầu tư sẵn sàng rót tiền mua. Ông kỳ vọng lực cầu đối ứng sẽ giúp thị trường sớm trở lại thị trạng thái cân bằng.\r\n\r\nDù vậy, chuyên gia này khuyến nghị nhà đầu tư không giải ngân vội, mà mua từ từ để thăm dò thị trường.\"Khoan xuống tiền ồ ạt, cứ bình tĩnh chọn cổ phiếu, bởi không chắc mai thị trường có lao dốc thêm không\", ông nói.','https://i1-kinhdoanh.vnecdn.net/2025/04/03/ck-1743669150-1743669180-2756-1743669308.jpg?w=1020&h=0&q=100&dpr=1&fit=crop&s=dWFyaDZveUnwptBXrI_bsA',2,9,'2025-04-03 13:46:45','2025-04-09 11:57:42'),(17,'Bà Trương Mỹ Lan nói muốn được \'giảm sâu\' mức án','ba-truong-my-lan-noi-muon-duoc-giam-sau-muc-an','Tự bào chữa, bà Trương Mỹ Lan cảm ơn VKS đã đề nghị giảm án chung thân cho mình, song muốn được \"giảm sâu\" hơn nữa để có động lực, tinh thần giải quyết hậu quả.\r\n\r\nNgày 3/4, ngay sau khi được VKSND Cấp cao đề nghị tòa phúc thẩm giảm án chung thân ở tội Lừa đảo chiếm đoạt tài sản do đã khắc phục được 1/4 thiệt hại ở giai đoạn 2 đại án, bà Trương Mỹ Lan (69 tuổi) được quyền bào chữa.\r\n\r\nChủ tịch Tập đoàn Vạn Thịnh Phát gửi lời cảm ơn đại diện VKS đã ghi nhận tình tiết giảm nhẹ cho mình. Trong hơn 40 phút trình bày sau đó, bà nhiều lần lặp lại mong muốn HĐXX xem xét về việc bản thân đã đổ cả trăm nghìn tỷ đồng vào SCB. Ngoài ra, bà Lan nói các bản án chưa ghi nhận việc SCB không có vốn Nhà nước, không sử dụng một đồng nào của Nhà nước trong việc tái cơ cấu này.\r\n\r\n\"Bị cáo đã thực hiện được lời hứa với Ngân hàng nhà Nước là suốt 11 năm qua, tự lực tất cả tiền bạc. Tiếc là bị cáo gần làm được, đến phút 89 thì thất bại\", bà Lan nghẹn giọng.\r\n\r\nChủ tọa đề nghị bà giữ bình tĩnh, cho phép ngồi để tự bào chữa do đã lớn tuổi. Tuy nhiên, bà Lan cảm ơn tòa, tiếp tục đứng trình bày.\r\n\r\n\"Bị cáo không biết mình có thể sống thêm được bao lâu, chỉ mong muốn được ghi nhận sự cống hiến, hy sinh và xem xét giảm nhẹ hình phạt sâu hơn nữa để tạo động lực, tinh thần giải quyết hậu quả\", bà Lan nói.\r\n\r\nBà nhắc lại quá trình làm việc của mình và đề nghị HĐXX xem xét nguyên nhân, bối cảnh, bản chất sự việc xảy ra tại SCB trong cả 2 bản án (giai đoạn một bà bị tuyên tử hình, giai đoạn hai bị tuyên án chung thân).\r\n\r\n\"Sau khi bị cáo bị bắt thì vụ án này mới xảy ra, đây là điều nằm ngoài mong muốn. Còn trước khi bị cáo bị bắt, SCB vẫn hoạt động bình thường, không mất thanh khoản, không bị lỗ. Các dự án đều đang thi công, SCB chuẩn bị tái cơ cấu\", bà Lan trình bày.\r\n\r\nĐề cập lại một phần nội dung kháng cáo đã trình bày trước đó, Chủ tịch Vạn Thịnh Phát cho rằng, trong cùng một vụ án nhưng số tiền bà bị buộc tội Tham ô tài sản ở giai đoạn một là 304.000 tỷ đồng gốc; sang giai đoạn hai bà lại bị buộc tội Rửa tiền (tham ô) 445.747 tỷ đồng. Hai hành vi này liên quan đến nhau, nên bà đề nghị tòa phúc thẩm làm rõ số liệu để đảm bảo tính xác thực.\r\n\r\nTrong phạm vi giai đoạn 2 đại án xảy ra tại Vạn Thịnh Phát, tòa sơ thẩm xác định bà Lan và đồng phạm đã thực hiện loạt hành vi: Lừa đảo chiếm đoạt tài sản (30.081 tỷ đồng của 35.824 trái chủ) thông qua việc phát hành trái phiếu khống; Rửa tiền (445.747 tỷ đồng) và Vận chuyển trái phép tiền tệ qua biên giới (4,5 tỷ USD - tương đương 106.730 tỷ đồng).\r\n\r\nSáng nay, VKS khẳng định bản án sơ thẩm là đúng người, đúng tội, đúng pháp luật nhưng ghi nhận bà Lan đã khắc phục được 1/4 thiệt hại ở tội Lừa đảo chiếm đoạt tài sản nên đề nghị tòa phúc thẩm xem xét giảm án chung thân; giữ nguyên mức án 12 và 8 năm tù ở hai tội còn lại. \r\n\r\nLà một trong 8 người bào chữa cho bà Lan, luật sư Phan Trung Hoài kiến nghị HĐXX xem xét toàn diện về nguyên nhân, bối cảnh vụ án; bản chất mối liên hệ giữa các tội danh.\r\n\r\nÔng cũng kiến nghị VKS tiếp tục yêu cầu SCB cung cấp số liệu, thu hồi vật chứng với số tiền hơn 15.000 tỷ đồng - được cho là tiền từ các lô trái phiếu đã phát hành cho đối tác.\r\n\r\nTheo ông Hoài, ở tội Vận chuyển trái phép tiền tệ qua biên giới bà Lan bị cáo buộc thì không phải tất cả giao dịch đều không đúng quy định.\r\n\r\nDẫn chứng quan điểm này, luật sư phân tích theo nhận định của bản án sơ thẩm, việc dịch chuyển trái phép tiền tệ từ nước ngoài về Việt Nam và từ Việt Nam ra nước ngoài là phương thức thủ đoạn phạm tội mới (mặc dù không vận chuyển về mặt cơ học).\r\n\r\n\"Nếu theo cách hiểu mới về nội hàm của tội này thì câu hỏi đặt ra là chủ thể nào là chủ thể của hành vi vận chuyển, và khi xem lại các giao dịch chuyển tiền thì có những giao dịch nào là hợp pháp?\", ông Hoài nêu vấn đề, đồng thời chỉ ra rằng nguồn tiền 180 triệu USD từ nước ngoài do 8 pháp nhân chuyển về để góp 30% vốn điều lệ của ngân hàng SCB, mua phần vốn góp của Công ty Việt Vĩnh Phú...\r\n\r\nNgoài ra, theo luật sư, trong giai đoạn một của vụ án đã xác định hành vi phạm tội của các bị cáo gây ra thiệt hại 673.000 tỷ đồng - là dư nợ của 1.243 khoản vay. Tuy nhiên qua đối chiếu, rà soát thì ở thời điểm khởi tố vụ án (năm 2022) có đến 988/1.243 khoản vay chưa đến hạn thanh toán (sau năm 2023), với tổng số tiền là 357.000 tỷ đồng.\r\n\r\nTừ đó, luật sư đề nghị tòa xem xét các khoản vay chưa đến hạn thanh toán như trên \"thì có quy buộc vào trách nhiệm chung cho bị cáo Lan hay không?\" vì theo quy định chỉ khi tới hạn thanh toán khách hàng không trả được thì ngân hàng có quyền phát mãi tài sản.\r\n\r\nLuật sư cũng đề nghị VKS có quan điểm đối đáp, cho ý kiến đối với vấn đề này.\r\n\r\nChiều nay tòa tiếp tục với phần bào chữa. ','https://i1-vnexpress.vnecdn.net/2025/04/03/5a2e8842d055600b3944-174367005-3546-6686-1743670393.jpg?w=1020&h=0&q=100&dpr=1&fit=crop&s=BCnN01V0XSDcLuX-4LAMDw',2,13,'2025-04-03 13:48:59','2025-04-09 11:57:55'),(18,'Bộ Giáo dục: Đầu vào đại học phải công bằng','bo-giao-duc-dau-vao-dai-hoc-phai-cong-bang','Các trường tuyển đầu vào một ngành bằng nhiều phương thức, dẫn đến có nhiều điểm chuẩn, theo Bộ Giáo dục là thiếu khoa học, không công bằng, vì thí sinh cùng ngành phải có năng lực cốt lõi gần như nhau.\r\n\r\nChiều 3/4, ông Hoàng Minh Sơn, Thứ trưởng Bộ Giáo dục và Đào tạo, trả lời báo chí về quy chế tuyển sinh đại học 2025, trong đó nêu lý do và nguyên tắc quy đổi điểm xét tuyển.\r\n\r\n- Quy chế tuyển sinh đại học năm 2025 có điểm mới nổi bật nào, thưa ông?\r\n\r\n- Quy chế tuyển sinh đại học năm nay có hai điểm mới nổi bật là bỏ xét tuyển sớm và quy đổi tương đương ngưỡng đầu vào và điểm trúng tuyển của các phương thức, tổ hợp xét tuyển theo hướng dẫn chung của Bộ.\r\n\r\nViệc bỏ xét tuyển sớm nhận được sự đồng thuận cao. Với quy đổi điểm, chúng tôi đã xin ý kiến các trường, đặc biệt là những người trực tiếp làm công tác tuyển sinh, và các nhà khoa học. Bộ cũng nhận được sự đồng thuận.\r\n\r\nTôi muốn nhấn mạnh việc quy đổi này không áp dụng với những ngành chỉ sử dụng một phương thức, ví dụ như xét điểm thi tốt nghiệp THPT hoặc xét điểm thi đánh giá năng lực. Chỉ những ngành, chương trình có nhiều phương thức xét tuyển mới phải quy đổi, để đảm bảo điểm chuẩn vào cùng một ngành có sự tương đương, đánh giá đúng năng lực cốt lõi của người học.\r\n\r\n- Lý do để Bộ đưa ra quy định này?\r\n\r\n- Quy định này xuất phát từ bất cập lớn ở các năm trước. Khi đó, các trường đại học phân chia chỉ tiêu theo từng phương thức, sau đó sẽ lấy điểm trúng tuyển của từng phương thức dựa trên số chỉ tiêu đã phân chia. Cách làm này hầu như không có căn cứ khoa học, lại tạo ra kẽ hở cho tiêu cực.\r\n\r\nVí dụ, một ngành nào đó có chỉ tiêu là 200, tuyển bằng hai phương thức, mỗi phương thức 100 sinh viên. Để tuyển đủ, không trường nào gọi vừa đủ theo chỉ tiêu, mà đều gọi chênh lên để sau lọc ảo là vừa. Khi đó, một trường có thể nâng chỉ tiêu của phương thức này lên thành 120 và giảm ở phương thức còn lại xuống còn 80. Việc này dẫn đến nguy cơ thiếu minh bạch. Đây là điều nguy hiểm nhất buộc cơ quan quản lý nhà nước phải quy định lại.\r\n\r\nViệc đưa ra điểm chuẩn dựa trên phân tích và quy đổi tương đương giữa các phương thức có tính khoa học và bảo đảm tính công bằng hơn rất nhiều so với việc quyết định điểm chuẩn qua phân chia chỉ tiêu.\r\n\r\nCó một số ý kiến cho rằng không thể quy đổi tương đương kết quả các kỳ thi đánh giá năng lực như SAT, HSA với thi tốt nghiệp THPT. Tôi cũng đồng ý. Tuy nhiên, nếu như các kỳ thi đánh giá những năng lực khác nhau của thí sinh thì không thể dùng nó để đánh giá thí sinh thi vào cùng một ngành. Bởi nếu vào cùng một ngành, thí sinh phải có năng lực cốt lõi đáp ứng yêu cầu giống nhau hoặc chỉ khác nhau một phần nhỏ.\r\n\r\nKhi cùng đánh giá một năng lực, điểm trúng tuyển giữa các phương thức phải quy đổi được.\r\n\r\n- Vậy việc quy đổi điểm tương đương giữa các phương thức được thực hiện như thế nào để đảm bảo khoa học?\r\n\r\n- Có nhiều phương pháp quy đổi mà các nhà toán học, nhà khoa học rất quen với việc này.\r\n\r\nThứ nhất là phương pháp phân vị. Chúng ta lấy dữ liệu của một lượng lớn thí sinh có cả kết quả thi tốt nghiệp, điểm học bạ, điểm thi đánh giá năng lực, tư duy, sau đó xét theo các mốc điểm.\r\n\r\nChẳng hạn, các trường lấy top 1% thí sinh của tất cả phương thức. Điểm để đạt top 1% này theo kết quả thi đánh giá năng lực và thi tốt nghiệp THPT là bao nhiêu thì đó sẽ là mức tương đương.\r\n\r\nTiếp đó, các trường lại xem mốc điểm để đạt top 5%, 10% là ở khoảng nào của từng phương thức, sau đó sẽ đưa ra ngay được mức tương đương của hai loại điểm đó.\r\n\r\nCách thứ hai là hồi quy tuyến tính. Ví dụ, một trường lọc ra các thí sinh đạt điểm thi tốt nghiệp THPT trong khoảng 20-21. Sau đó xem những em này có điểm thi đánh giá năng lực trong khoảng nào, rồi dùng phương pháp xấp xỉ tuyến tính để ra được khoảng điểm tương ứng giữa hai phương thức.\r\n\r\nNgoài ra còn một số phương pháp khác.\r\n\r\nNói chung, về mặt khoa học, tính toán, điều này khá đơn giản và các trường đều có thể làm được.\r\n\r\n- Việc quy đổi điểm tương đương theo hướng dẫn chung của Bộ có làm giảm quyền tự chủ của các trường?\r\n\r\n- Mọi quyền tự chủ của các trường đều phải đảm bảo nguyên tắc của tuyển sinh là đảm bảo chất lượng, độ tin cậy và công bằng.\r\n\r\nBan đầu, Bộ chỉ đưa vào dự thảo quy chế là các trường phải quy đổi tương đương và giải trình được căn cứ đưa ra công thức quy đổi như vậy. Ví dụ điểm chuẩn theo kết quả thi tốt nghiệp là 25/30 vì sao tương đương với 120/150 điểm thi đánh giá năng lực. Bộ không có ý định đưa ra hướng dẫn và khung quy đổi chung. Nhưng sau đó, các trường đề nghị Bộ làm việc này bởi Bộ có đầy đủ dữ liệu điểm các kỳ thi của thí sinh.\r\n\r\nThời gian tới, Bộ sẽ đưa ra khung quy đổi với các phương thức, tổ hợp phổ biến. Nhưng đó không phải là công thức quy đổi chung cho tất cả trường và ngành. Từ đó, các trường hoàn toàn có thể điều chỉnh theo đặc thù.\r\n\r\nMột điểm nữa là Bộ đưa ra khung quy đổi chung mới chỉ dựa trên điểm thi của các em. Khi xây dựng công thức, các trường sẽ phải dựa thêm vào kết quả học tập sau 1-2 năm tại trường của sinh viên ở các phương thức khác nhau. Sau đó, các trường đánh giá sinh viên trúng tuyển bằng điểm chuẩn, phương thức này có kết quả tương quan ra sao với những em vào trường bằng phương thức khác để điều chỉnh công thức cho phù hợp. Đó là trách nhiệm và quyền tự chủ của các trường.\r\n\r\n- Với những thay đổi trên, ông lưu ý gì với thí sinh?\r\n\r\n- Từ năm ngoái, thí sinh không phải lựa chọn phương thức xét tuyển trên hệ thống chung của Bộ mà chỉ phải đăng ký ngành. Phần mềm sẽ tự chọn xem tổ hợp, phương thức nào tốt nhất cho các em.\r\n\r\nNăm nay cũng vậy. Các em cũng không cần quan tâm đến công thức quy đổi điểm tương đương. Việc này là của các trường.\r\n\r\nCác trường sẽ công bố việc quy đổi tương đương và Bộ Giáo dục và Đào tạo sẽ giám sát xem có hợp lý không. Các trường sẽ không thể lạm dụng việc tăng - giảm chỉ tiêu ở từng phương thức, khiến điểm chuẩn có sự chênh lệch. Vì vậy, các em không phải băn khoăn gì.\r\n\r\nNhững gì Bộ làm đều nhằm tạo công bằng và tốt hơn cho thí sinh. Các em không phải làm thêm gì cả.','https://i1-vnexpress.vnecdn.net/2025/04/03/Thu-truong-Hoang-Minh-Son-1743-5994-5746-1743673183.jpg?w=1020&h=0&q=100&dpr=1&fit=crop&s=KmJKXo7QpAL6u5dkjy9Hfw',8,5,'2025-04-03 13:56:22','2025-04-09 11:58:06'),(19,'Giá USD ngân hàng lần đầu lên 26.000 đồng','gia-usd-ngan-hang-lan-dau-len-26000-','Giá USD trên thị trường chính thức tăng mạnh, lần đầu tiên chạm mốc 26.000 đồng một đôla.\r\n\r\nNgày 3/4, Ngân hàng Nhà nước công bố tỷ giá trung tâm tại 24.854 đồng, tăng nhẹ 3 đồng so với hôm qua. Với biên độ 5% so với tỷ giá trung tâm, các ngân hàng thương mại được phép mua bán trong vùng 23.611 - 26.096 đồng một USD.\r\n\r\nTới chiều nay, các ngân hàng thương mại tiếp tục nâng giá đôla Mỹ so với phiên sáng. Theo đó, Vietcombank niêm yết giá USD lên 25.610 - 26.000 đồng, cao hơn 180 đồng mỗi USD so với hôm qua. Tại BIDV, tỷ giá cũng lên 25.635 - 25.995 đồng một USD. Cùng thời điểm, giá mua bán USD tại Eximbank lên 25.610 - 25.990 đồng. Nếu so với đầu năm, hiện mỗi USD trên thị trường chính thức cao hơn khoảng 450 đồng, tương đương với mức tăng 1,75%.\r\n\r\nHiện, giá bán USD của các ngân hàng thương mại thậm chí cao hơn so với trên thị trường tự do, còn chiều mua vào từ người dân thấp hơn so với \"chợ đen\" chỉ khoảng 250 đồng. Chiều nay, một số điểm thu đổi ngoại tệ giao dịch đôla Mỹ trong vùng 25.870 0 25.970 đồng.\r\n\r\nDiễn biến của giá USD trong nước lệch pha so với thị trường quốc tế. Chỉ số USD Index đo lường sức mạnh của đồng bạc xanh so với rổ tiền tệ chủ chốt hiện giao dịch quanh mức 102,16 điểm, giảm nhẹ trong vài ngày qua.\r\n\r\nĐầu năm nay, giới chuyên gia dự báo chỉ số USD (DXY) có thể tăng mạnh trước những đòn thuế quan của Tổng thống Mỹ Donal Trump. UOB dự báo DXY sẽ đạt 112,6 điểm vào quý II/2025, do những mối đe dọa thuế quan của ông Trump làm tăng rủi ro lạm phát quay lại, khiến Cục dự trữ liên bang Mỹ (Fed) thận trọng hơn trong việc cắt giảm lãi suất.\r\n\r\n\"Những lời đe dọa thuế quan có tính rủi ro cao của Tổng thống Trump, kết hợp với các cuộc đàm phán vào phút chót với các đối tác thương mại của Mỹ, có thể sẽ trở thành \'bình thường mới\'\", nhà băng này nhận định.','https://cafefcdn.com/thumb_w/640/203337114487263232/2025/4/3/avatar1743654670651-174365467114553747991.png',2,9,'2025-04-03 13:59:27','2025-04-09 11:58:57'),(21,'Giá xăng RON 95 lên sát 21.000 đồng một lít','gia-xang-ron-95-len-sat-21000-dong-mot-lit','Giá xăng, dầu cùng tăng 120-490 đồng một lít từ 15h hôm nay, sau điều chỉnh của liên Bộ Công Thương - Tài chính.\r\n\r\nGiá xăng RON 95-III (loại phổ biến trên thị trường) tăng 490 đồng, lên 20.910 đồng một lít. E5 RON 92 thêm 340 đồng, ở mức 20.370 đồng.\r\n\r\nTương tự, các mặt hàng dầu cũng tăng 120-260 đồng một lít. So với cách đây 7 ngày, dầu diesel lên 18.470 đồng một lít. Dầu hỏa và mazut lần lượt có giá mới 18.730 đồng và 17.020 đồng.\r\n\r\nThị trường xăng dầu thế giới 7 ngày qua chịu ảnh hưởng từ nhiều yếu tố như tồn kho dầu thô của Mỹ tăng, nước này cũng công bố áp thuế 10% với tất cả hàng nhập khẩu và thuế đối ứng cao hơn với các đối tác thương mại lớn, trong đó Việt Nam (46%)...\r\n\r\nCác yếu tố nêu trên khiến giá xăng dầu thế giới tăng, bình quân giá thành phẩm mỗi thùng xăng RON 95 là 84,865 USD, đắt thêm 3,1%. Tương tự, mỗi thùng dầu diesel, dầu hỏa cũng lên 87,19 USD và 87,46 USD, tăng 1,3-1,7%.\r\n\r\nTheo Thông tư 18 của Bộ Công Thương, từ ngày 2/5, cơ chế điều hành giá xăng dầu thay đổi, không còn tổ liên ngành Tài chính - Công Thương như hiện nay. Thay vào đó, Bộ Công Thương sẽ công bố giá cơ sở, giá bán các mặt hàng xăng, dầu dựa trên số liệu yếu tố đầu vào và ý kiến tham gia điều hành của Bộ Tài chính bằng văn bản.','https://media.baothaibinh.com.vn/upload/news/4_2025/gia_xang_ron_95_len_sat_21_000_dong_mot_lit_15532003042025.jpg',5,13,'2025-04-03 14:05:04','2025-04-09 11:59:29'),(22,'Cháy tòa nhà 5 tầng ở TP HCM','chay-toa-nha-5-tang-o-tp-','Khói lửa bùng lên tại tầng thượng tòa nhà nằm trong khu dân cư đông đúc ở quận Gò Vấp, nhiều người hoảng loạn tháo chạy, chiều 3/4.\r\n\r\nHơn 14h, khói lửa phát ra từ tầng thượng tòa nhà 5 tầng rộng hơn 200 m2 trên đường Nguyễn Văn Công, phường 3, cách sân bay Tân Sơn Nhất khoảng một km. Nhiều người bên trong nhà cố gắng dập lửa nhưng không thành nên chạy xuống phía dưới kêu cứu.\r\n\r\nKhu vực cháy có nhiều vật dụng nên sau ít phút lửa bùng phát dữ dội, bao trùm tầng trên cùng. Lửa còn bén sang dàn pin năng lượng mặt trời và nhiều cục nóng điều hòa lắp trên mái nhà.\r\n\r\nBốn xe chữa cháy cùng hàng chục chiến sĩ đến hiện trường. Lính cứu hỏa leo mái nhà bên cạnh, kéo vòi rồng, đeo mặt nạ oxy tiến lên tầng thượng dập lửa, chống cháy lan xuống phía dưới.\r\n\r\nĐến 14h45, đám cháy được dập cháy. Hỏa hoạn không gây thương vong song thiêu rụi nhiều tài sản. Các bức tường ở tầng thượng ám khói đen.\r\n\r\nTheo cơ quan chức năng, tòa nhà cho thuê kinh doanh nha khoa, tầng trệt ngăn làm tiệm bán thuốc tây và đồ ăn. Thời điểm cháy tòa nhà đang được sửa chữa.\r\n\r\nVào mùa nắng nóng, thời tiết oi bức, nền nhiệt cao khiến nhu cầu sử dụng các thiết bị điện của người dân tăng nhanh. Điều này tiềm ẩn nguy cơ cháy nổ cao hơn so với bình thường. Theo Cảnh sát PCCC TP HCM, trong tháng 3 địa bàn thành phố xảy ra 27 vụ cháy, một vụ nổ, khiến 3 người bị thương. Trong đó gần 70% số vụ cháy có nguyên nhân từ sự cố thiết bị điện.','https://i1-vnexpress.vnecdn.net/2025/04/03/73741c7216eea6b0ffff-1-1743667-3802-7036-1743670717.jpg?w=1020&h=0&q=100&dpr=1&fit=crop&s=hK7fVMQMax12Jk-6RgiT0A',8,13,'2025-04-03 14:08:00','2025-04-09 11:59:41'),(23,'Myanmar ghi nhận hơn 3.000 người chết do động đất','myanmar-ghi-nhan-hon-3000-nguoi-chet-do-dong-dat','Chính quyền Myanmar cho biết hơn 3.000 người đã chết sau trận động đất 7,7 độ, khi lực lượng cứu hộ cứu nạn tiếp tục tìm kiếm các nạn nhân.\r\n\r\nPhát ngôn viên chính quyền quân sự Myanmar hôm nay cho biết 3.085 người đã thiệt mạng, 4.715 người bị thương và 341 người vẫn mất tích, 6 ngày sau thảm họa động đất ở quốc gia này.\r\n\r\nĐộng đất xảy ra ngày 28/3 với tâm chấn gần Mandalay, thành phố lớn thứ hai Myanmar, đã san phẳng nhiều tòa nhà trên khắp nước này, khiến hàng nghìn người mất nhà cửa.\r\n\r\nTổ chức Y tế Thế giới (WHO) cho biết người dân địa phương đang than phiền vì thiếu hỗ trợ. Các cơ sở chăm sóc sức khỏe bị hư hại do động đất và năng lực hạn chế nên đang bị quá tải, trong khi nguồn cung thực phẩm, nước và thuốc men dần cạn kiệt.\r\n\r\n\"Tôi chưa bao giờ xếp hàng xin thức ăn như thế này. Không thể nào diễn tả được nỗi lo lắng của bản thân. Tôi cũng chẳng biết phải nói gì nữa\", Cho Cho Mar, 35 tuổi, cho hay.\r\n\r\nChính quyền Myanmar thông báo sẽ ngừng bắn từ 2/4 đến 22/4 để tạo điều kiện thuận lợi cho nỗ lực cứu trợ sau động đất, sau khi các nhóm vũ trang đối đầu với quân đội chính phủ trong cuộc nội chiến 4 năm qua đưa ra cam kết tương tự.\r\n\r\nLãnh đạo chính quyền, tướng Min Aung Hlaing, sẽ đến Bangkok trong ngày 3/4 để tham dự hội nghị thượng đỉnh các nước Nam Á và Myanmar, Thái Lan, nơi ông sẽ thảo luận về phản ứng sau động đất.','https://i1-vnexpress.vnecdn.net/2025/04/03/AFP-20250402-XxjpbeE007299-202-8232-2729-1743657491.jpg?w=1020&h=0&q=100&dpr=1&fit=crop&s=-sidnUW2bzGp_KmSlQ2DKg',2,11,'2025-04-03 14:10:59','2025-04-09 11:59:51');
/*!40000 ALTER TABLE `articles` ENABLE KEYS */;
UNLOCK TABLES;

--
-- Table structure for table `categories`
--

DROP TABLE IF EXISTS `categories`;
/*!40101 SET @saved_cs_client     = @@character_set_client */;
/*!50503 SET character_set_client = utf8mb4 */;
CREATE TABLE `categories` (
  `id` int NOT NULL AUTO_INCREMENT,
  `name` varchar(255) DEFAULT NULL,
  `parent_id` int DEFAULT NULL,
  PRIMARY KEY (`id`),
  KEY `parent_id` (`parent_id`),
  CONSTRAINT `categories_ibfk_1` FOREIGN KEY (`parent_id`) REFERENCES `categories` (`id`)
) ENGINE=InnoDB AUTO_INCREMENT=15 DEFAULT CHARSET=utf8mb4 COLLATE=utf8mb4_0900_ai_ci;
/*!40101 SET character_set_client = @saved_cs_client */;

--
-- Dumping data for table `categories`
--

LOCK TABLES `categories` WRITE;
/*!40000 ALTER TABLE `categories` DISABLE KEYS */;
INSERT INTO `categories` VALUES (1,'Công nghệ',NULL),(2,'Khoa học',NULL),(3,'Sức khỏe',NULL),(4,'Kinh doanh',NULL),(5,'Giáo dục',NULL),(6,'Du lịch',6),(7,'Vật lý',2),(8,'Y học',3),(9,'Tài chính',4),(10,'E-learning',5),(11,'Chính trị',NULL),(12,'Thể thao',NULL),(13,'Đời sống',NULL);
/*!40000 ALTER TABLE `categories` ENABLE KEYS */;
UNLOCK TABLES;

--
-- Table structure for table `comments`
--

DROP TABLE IF EXISTS `comments`;
/*!40101 SET @saved_cs_client     = @@character_set_client */;
/*!50503 SET character_set_client = utf8mb4 */;
CREATE TABLE `comments` (
  `id` int NOT NULL AUTO_INCREMENT,
  `content` text,
  `user_id` int DEFAULT NULL,
  `article_id` int DEFAULT NULL,
  `parent_id` int DEFAULT NULL,
  `created_at` timestamp NULL DEFAULT CURRENT_TIMESTAMP,
  `updated_at` timestamp NULL DEFAULT CURRENT_TIMESTAMP ON UPDATE CURRENT_TIMESTAMP,
  PRIMARY KEY (`id`),
  KEY `user_id` (`user_id`),
  KEY `article_id` (`article_id`),
  KEY `parent_id` (`parent_id`),
  CONSTRAINT `fk_comments_article_id` FOREIGN KEY (`article_id`) REFERENCES `articles` (`id`) ON DELETE CASCADE ON UPDATE CASCADE,
  CONSTRAINT `fk_comments_parent_id` FOREIGN KEY (`parent_id`) REFERENCES `comments` (`id`) ON DELETE CASCADE ON UPDATE CASCADE,
  CONSTRAINT `fk_comments_user_id` FOREIGN KEY (`user_id`) REFERENCES `users` (`id`) ON DELETE CASCADE ON UPDATE CASCADE
) ENGINE=InnoDB AUTO_INCREMENT=72 DEFAULT CHARSET=utf8mb4 COLLATE=utf8mb4_0900_ai_ci;
/*!40101 SET character_set_client = @saved_cs_client */;

--
-- Dumping data for table `comments`
--

LOCK TABLES `comments` WRITE;
/*!40000 ALTER TABLE `comments` DISABLE KEYS */;
INSERT INTO `comments` VALUES (1,'Bài viết rất hay!',1,1,NULL,'2025-03-31 04:06:54','2025-03-31 04:06:54'),(2,'Tôi thấy thông tin này rất hữu ích.',4,1,NULL,'2025-03-31 04:06:54','2025-03-31 04:06:54'),(3,'Bạn có thể giải thích thêm về chủ đề này không?',7,2,NULL,'2025-03-31 04:06:54','2025-03-31 04:06:54'),(5,'Bài viết được viết rất tốt!',1,4,NULL,'2025-03-31 04:06:54','2025-03-31 04:06:54'),(6,'Đây chính là những gì tôi đang tìm kiếm.',4,5,NULL,'2025-03-31 04:06:54','2025-03-31 04:06:54'),(7,'Quan điểm thú vị.',7,6,1,'2025-03-31 04:06:54','2025-03-31 14:54:32'),(9,'Thông tin này giúp ích rất nhiều cho tôi.',1,8,1,'2025-03-31 04:06:54','2025-03-31 14:54:29'),(10,'Cảm ơn vì đã chia sẻ!',4,9,9,'2025-03-31 04:06:54','2025-03-31 14:54:42'),(11,'vàng tăng,usd tăng,xăng tăng mà ... lương thì cứ đứng yên.',4,21,NULL,'2025-04-03 15:25:18','2025-04-03 15:25:18'),(12,'Hay quá. Vào bắt đáy để ăn quả hồi rồi thoát hàng ngay nhé vì sau quả hồi sẽ còn giảm nữa.',4,16,NULL,'2025-04-03 15:27:22','2025-04-03 15:27:22'),(14,'Tỷ giá sẽ neo cao tiệm cận 30k quá, hichic',11,19,NULL,'2025-04-03 15:31:24','2025-04-03 15:32:38'),(15,'Không gây thương vong đã là may mắn rồi!',1,22,NULL,'2025-04-03 15:29:52','2025-04-03 15:32:50'),(16,'Đề nghị xử phạt nghiêm minh đúng người đúng tội',4,17,NULL,'2025-04-03 15:33:45','2025-04-03 15:33:45'),(17,'Tôi hoàn toàn thống nhất phương án giảm 50% cấp xã phường đây là phương án tối ưu nhất ',1,15,NULL,'2025-04-03 15:35:05','2025-04-03 15:35:05'),(18,'Nếu thiết kế, thi công đạt chuẩn, tại sao hơn 300 căn hộ lại xuất hiện vết nứt? Cùng một rung chấn, sao những chung cư khác không bị ảnh hưởng tương tự?\r\nĐiều người dân cần là kiểm tra minh bạch, có trách nhiệm, và quan trọng nhất một cam kết rõ ràng về quyền lợi nếu sự cố xảy ra !!',4,14,NULL,'2025-04-03 15:35:52','2025-04-03 15:35:52'),(19,'Chỉ dưới thời ông Trou thì Việt Nam mới thua Hàn 0-6 do triết lý ảo tưởng cầm bóng tấn công, còn Việt Nam đối đầu với Hàn Quốc hay Nhật, nếu biết mình biết ta thì chẳng báo giờ thua đậm và hoàn toàn có thể thủ hòa thậm chí thắng như thời ông Alfred Riedl từng thắng Hàn 1-0 ở vòng loại WC với bàn thắng của Văn Quyến.',7,13,NULL,'2025-04-03 15:36:33','2025-04-03 15:36:33'),(20,'Thích nhất ông \"dàn cảnh\" thua giao hữu ở Mỹ Đình rình rập thắng đẳng cấp ở hai lượt trận sân nhà sân khách, đặc biệt lãnh cúp ở Băng Cốc. \"Phục hồi\" danh dự trước Indo với chiến thuật xoay tua đội hình giữ thể lực bền bỉ và thành công vang dội.',1,13,NULL,'2025-04-03 15:37:01','2025-04-03 15:37:01'),(21,'Vĩnh biệt ông, người đồng chí của Việt Nam',1,12,NULL,'2025-04-03 15:37:57','2025-04-03 15:37:57'),(22,'Kính cẩn nghiêng mình tiếc thương Ông.',7,12,NULL,'2025-04-03 15:38:16','2025-04-03 15:38:16'),(23,'Chúng ta đã chuẩn bị cho tất cả các tình huống , không bị động, bất ngờ.... Yên tâm nhé',4,11,NULL,'2025-04-03 15:39:42','2025-04-03 15:39:42'),(24,'đúng vậy',11,11,23,'2025-04-03 15:40:50','2025-04-03 15:40:50'),(25,'Quá buồn',11,12,21,'2025-04-03 16:32:33','2025-04-03 16:32:33'),(26,'Buồn vl luôn',11,12,25,'2025-04-03 16:32:43','2025-04-03 16:32:43'),(27,'Buồn vcl\n',11,12,25,'2025-04-03 16:32:56','2025-04-03 16:32:56'),(28,'Haizz, khó nói',11,12,22,'2025-04-03 16:33:10','2025-04-03 16:33:10'),(29,'Không sao cả',11,12,NULL,'2025-04-03 16:33:33','2025-04-03 16:33:33'),(30,'Không vấn đề gì',11,12,NULL,'2025-04-03 16:33:41','2025-04-03 16:33:41'),(31,'Không sao cc',11,12,29,'2025-04-03 16:33:46','2025-04-03 16:33:46'),(32,'Bình luận như cái cc',11,12,30,'2025-04-03 16:34:05','2025-04-03 16:34:05'),(33,'câp3 ',11,12,32,'2025-04-03 16:34:15','2025-04-03 16:34:15'),(34,'123',11,12,32,'2025-04-03 18:48:58','2025-04-03 18:48:58'),(35,'123',11,12,21,'2025-04-03 18:49:04','2025-04-03 18:49:04'),(36,'123123',11,12,35,'2025-04-03 18:49:09','2025-04-03 18:49:09'),(38,'123456',11,12,21,'2025-04-03 18:58:46','2025-04-03 18:58:46'),(39,'123456',11,12,32,'2025-04-03 19:01:33','2025-04-03 19:01:33'),(40,'CCCCCCCCCCCCCCCCC',11,2,NULL,'2025-04-04 02:56:14','2025-04-04 02:56:14'),(41,'1234567890',11,2,40,'2025-04-04 02:56:22','2025-04-04 02:56:22'),(42,'À thế à',14,5,6,'2025-04-04 03:12:42','2025-04-04 03:12:42'),(44,'Khos noi',20,18,NULL,'2025-04-09 07:53:38','2025-04-09 07:53:38'),(45,'Haizz',20,18,44,'2025-04-09 07:53:51','2025-04-09 07:53:51'),(48,'Ghê vậy sao',11,21,NULL,'2025-04-09 15:35:40','2025-04-09 15:35:40'),(49,'Fix gần chết mới xong, haizz',11,23,NULL,'2025-04-09 16:20:29','2025-04-09 16:20:29'),(50,'Helo ae',21,23,NULL,'2025-04-10 08:40:23','2025-04-10 08:40:23'),(53,'Helo may cung',21,23,NULL,'2025-04-10 09:09:21','2025-04-10 09:09:21'),(55,'Khó nói lắm bro',11,23,50,'2025-04-17 10:21:24','2025-04-17 10:21:24'),(56,'aaa',14,22,NULL,'2025-04-27 09:16:52','2025-04-27 09:16:52'),(64,'Wowwww\n',22,23,NULL,'2025-04-27 14:59:26','2025-04-27 14:59:26'),(65,'Hú hú khẹc khẹc',22,23,NULL,'2025-04-27 14:59:40','2025-04-27 14:59:40'),(66,'Khó nói',11,23,65,'2025-04-27 15:03:23','2025-04-27 15:03:23');
/*!40000 ALTER TABLE `comments` ENABLE KEYS */;
UNLOCK TABLES;

--
-- Table structure for table `refresh_tokens`
--

DROP TABLE IF EXISTS `refresh_tokens`;
/*!40101 SET @saved_cs_client     = @@character_set_client */;
/*!50503 SET character_set_client = utf8mb4 */;
CREATE TABLE `refresh_tokens` (
  `id` int NOT NULL AUTO_INCREMENT,
  `user_id` int DEFAULT NULL,
  `token` varchar(255) DEFAULT NULL,
  `expires_at` datetime DEFAULT NULL,
  `revoked` tinyint(1) DEFAULT '0',
  PRIMARY KEY (`id`),
  UNIQUE KEY `token` (`token`),
  KEY `user_id` (`user_id`),
  CONSTRAINT `refresh_tokens_ibfk_1` FOREIGN KEY (`user_id`) REFERENCES `users` (`id`)
) ENGINE=InnoDB AUTO_INCREMENT=113 DEFAULT CHARSET=utf8mb4 COLLATE=utf8mb4_0900_ai_ci;
/*!40101 SET character_set_client = @saved_cs_client */;

--
-- Dumping data for table `refresh_tokens`
--

LOCK TABLES `refresh_tokens` WRITE;
/*!40000 ALTER TABLE `refresh_tokens` DISABLE KEYS */;
INSERT INTO `refresh_tokens` VALUES (15,14,'eyJhbGciOiJIUzI1NiIsInR5cCI6IkpXVCJ9.eyJ1c2VySWQiOjE0LCJpYXQiOjE3NDM0MjgxOTEsImV4cCI6MTc0NDAzMjk5MX0.FqSE0N-EOH1fBV_k26MXupPk1d0y0bZrAPP2_hdqZJQ','2025-04-07 13:36:31',1),(16,14,'eyJhbGciOiJIUzI1NiIsInR5cCI6IkpXVCJ9.eyJ1c2VySWQiOjE0LCJpYXQiOjE3NDM0MzAxMDQsImV4cCI6MTc0NDAzNDkwNH0.kr_oQp_uQfi0W4P_i6u5fhmp2D6mB6sCZt42QhnGuhU','2025-04-07 14:08:24',0),(17,14,'eyJhbGciOiJIUzI1NiIsInR5cCI6IkpXVCJ9.eyJ1c2VySWQiOjE0LCJpYXQiOjE3NDM0MzI5NTYsImV4cCI6MTc0NDAzNzc1Nn0.Ag0ItnvzxTQcDeQzHe-HzTQgVHYjWatzJgMmtIYEu-g','2025-04-07 14:55:56',0),(18,14,'eyJhbGciOiJIUzI1NiIsInR5cCI6IkpXVCJ9.eyJ1c2VySWQiOjE0LCJpYXQiOjE3NDM0MzM5ODYsImV4cCI6MTc0NDAzODc4Nn0.20M2H_3wopbApSrOoQw9vWdkojF2kFkvVVtYTqZ88Ag','2025-04-07 15:13:06',0),(19,14,'eyJhbGciOiJIUzI1NiIsInR5cCI6IkpXVCJ9.eyJ1c2VySWQiOjE0LCJpYXQiOjE3NDM1NzE0NTksImV4cCI6MTc0NDE3NjI1OX0.YJOtm3JJBpl3hkpb9FXrv8cbuMyBheicQi1dDJNR_xM','2025-04-09 05:24:19',0),(24,14,'eyJhbGciOiJIUzI1NiIsInR5cCI6IkpXVCJ9.eyJ1c2VySWQiOjE0LCJpYXQiOjE3NDM3MzU1MjYsImV4cCI6MTc0NDM0MDMyNn0.ptywoXVa178PKtkBf5yXgTr7JO7cSCF1fjflwzMnj4I','2025-04-11 02:58:46',1),(25,14,'eyJhbGciOiJIUzI1NiIsInR5cCI6IkpXVCJ9.eyJ1c2VySWQiOjE0LCJpYXQiOjE3NDM3MzU4NjksImV4cCI6MTc0NDM0MDY2OX0.T1BHhuayelMnDdY_EtWgBF8Ey6vQzO7STFqF9CGIM-8','2025-04-11 03:04:29',0),(26,14,'eyJhbGciOiJIUzI1NiIsInR5cCI6IkpXVCJ9.eyJ1c2VySWQiOjE0LCJpYXQiOjE3NDQxNzUxMjYsImV4cCI6MTc0NDc3OTkyNn0.2RBh6KrU2m9bx07XT5wu2AncoICKOOMzKeTb2jK-4CA','2025-04-16 05:05:26',0),(27,14,'eyJhbGciOiJIUzI1NiIsInR5cCI6IkpXVCJ9.eyJ1c2VySWQiOjE0LCJpYXQiOjE3NDQxNzU5MDUsImV4cCI6MTc0NDc4MDcwNX0.AasB4F4uzc8G-630Ytl1lzGSkxlz2dEEUiXttNfaHek','2025-04-16 05:18:25',0),(28,14,'eyJhbGciOiJIUzI1NiIsInR5cCI6IkpXVCJ9.eyJ1c2VySWQiOjE0LCJpYXQiOjE3NDQxNzk4NTAsImV4cCI6MTc0NDc4NDY1MH0.hYCF8LAu20eqvplLr0ET_Hn8frHCmIK5uJTdlOCkPa0','2025-04-16 06:24:10',1),(29,14,'eyJhbGciOiJIUzI1NiIsInR5cCI6IkpXVCJ9.eyJ1c2VySWQiOjE0LCJpYXQiOjE3NDQxNzk5NzEsImV4cCI6MTc0NDc4NDc3MX0.jYcRAuvo8ZZuCxp0E611aisfdi94KXTyo6aL3u6vw2k','2025-04-16 06:26:11',1),(30,14,'eyJhbGciOiJIUzI1NiIsInR5cCI6IkpXVCJ9.eyJ1c2VySWQiOjE0LCJpYXQiOjE3NDQxODI0MDIsImV4cCI6MTc0NDc4NzIwMn0.7F8YTR6dUAE-1YnanhrQlDjtI8FVKw_dUGda60sDwYA','2025-04-16 07:06:42',1),(31,14,'eyJhbGciOiJIUzI1NiIsInR5cCI6IkpXVCJ9.eyJ1c2VySWQiOjE0LCJpYXQiOjE3NDQxODM1NTQsImV4cCI6MTc0NDc4ODM1NH0.V6oj1FX_IsvfDKzJcWR5tz9kK2qYFtDwHxIj4ky1s-g','2025-04-16 07:25:54',1),(32,20,'eyJhbGciOiJIUzI1NiIsInR5cCI6IkpXVCJ9.eyJ1c2VySWQiOjIwLCJpYXQiOjE3NDQxODUwODksImV4cCI6MTc0NDc4OTg4OX0.qqp68SLuhIj2UlWN7eaNteCmKyE80E6sNM2VQ7Jp7AI','2025-04-16 07:51:29',1),(33,20,'eyJhbGciOiJIUzI1NiIsInR5cCI6IkpXVCJ9.eyJ1c2VySWQiOjIwLCJpYXQiOjE3NDQxODUyMDYsImV4cCI6MTc0NDc5MDAwNn0.JfKhoWjZKrALcSEl389sLabdoOa661wXU5I37YQVev4','2025-04-16 07:53:26',0),(47,14,'eyJhbGciOiJIUzI1NiIsInR5cCI6IkpXVCJ9.eyJ1c2VySWQiOjE0LCJpYXQiOjE3NDQyNzIxOTksImV4cCI6MTc0NDg3Njk5OX0.0KwY6KmRBwergA_moE8AoVwOOoaMBFZFiIo0_zGcMCs','2025-04-17 08:03:19',1),(48,21,'eyJhbGciOiJIUzI1NiIsInR5cCI6IkpXVCJ9.eyJ1c2VySWQiOjIxLCJpYXQiOjE3NDQyNzQ0MDMsImV4cCI6MTc0NDg3OTIwM30.r4yPWoWsvIWYhIH78SbgEQIbqLcs4a-uNAatQtedPN8','2025-04-17 08:40:03',1),(49,14,'eyJhbGciOiJIUzI1NiIsInR5cCI6IkpXVCJ9.eyJ1c2VySWQiOjE0LCJpYXQiOjE3NDQyNzUwNzAsImV4cCI6MTc0NDg3OTg3MH0.zJd-Ce8fiwBtfVtqFsTsVHu3IUqWnVj94zgLXrNhZcw','2025-04-17 08:51:10',0),(50,21,'eyJhbGciOiJIUzI1NiIsInR5cCI6IkpXVCJ9.eyJ1c2VySWQiOjIxLCJpYXQiOjE3NDQyNzYxMjYsImV4cCI6MTc0NDg4MDkyNn0.Vh775-PVeqvnG8iXJZe4amz96Do8kIwBpT82apQOQEY','2025-04-17 09:08:46',0),(51,14,'eyJhbGciOiJIUzI1NiIsInR5cCI6IkpXVCJ9.eyJ1c2VySWQiOjE0LCJpYXQiOjE3NDQyNzg3NzEsImV4cCI6MTc0NDg4MzU3MX0.wgoDic-xu1VhrvO9CVpqCE-ZYObQKlI24_TFlt2MwDI','2025-04-17 09:52:51',0),(52,14,'eyJhbGciOiJIUzI1NiIsInR5cCI6IkpXVCJ9.eyJ1c2VySWQiOjE0LCJpYXQiOjE3NDQyNzk4NjMsImV4cCI6MTc0NDg4NDY2M30.sZ1PYa1UVmtRJYkk0r_31hPZ7xWUl2uKIysRH-8WHyQ','2025-04-17 10:11:03',0),(53,14,'eyJhbGciOiJIUzI1NiIsInR5cCI6IkpXVCJ9.eyJ1c2VySWQiOjE0LCJpYXQiOjE3NDQyODI2NzgsImV4cCI6MTc0NDg4NzQ3OH0.GnhG2dMqQkzPSC1SrqaSjMORIwvvtgZ1B7U24Fzv0W4','2025-04-17 10:57:58',0),(54,14,'eyJhbGciOiJIUzI1NiIsInR5cCI6IkpXVCJ9.eyJ1c2VySWQiOjE0LCJpYXQiOjE3NDQyODI4NjgsImV4cCI6MTc0NDg4NzY2OH0.ehcMHXeiE6q5EAxRHu1VBbUb8mh173Pzh_0kloBPG2M','2025-04-17 11:01:08',0),(55,14,'eyJhbGciOiJIUzI1NiIsInR5cCI6IkpXVCJ9.eyJ1c2VySWQiOjE0LCJpYXQiOjE3NDQyODI5MDIsImV4cCI6MTc0NDg4NzcwMn0.2LLFYISFR_ow7N8rnJsySigvIgH7GqAXXwYvHABSLyo','2025-04-17 11:01:42',0),(56,14,'eyJhbGciOiJIUzI1NiIsInR5cCI6IkpXVCJ9.eyJ1c2VySWQiOjE0LCJpYXQiOjE3NDQyODMxMTQsImV4cCI6MTc0NDg4NzkxNH0.H2q0mTiViBEF2hdvJkL4nYWLgWt47bEFi2CUYXGkaJc','2025-04-17 11:05:14',0),(57,14,'eyJhbGciOiJIUzI1NiIsInR5cCI6IkpXVCJ9.eyJ1c2VySWQiOjE0LCJpYXQiOjE3NDQyODMxNzksImV4cCI6MTc0NDg4Nzk3OX0.tvD1LvsTNkL6PTV5oJKIL1ktb2XDy6K0HHB4_fnJQMA','2025-04-17 11:06:19',0),(58,14,'eyJhbGciOiJIUzI1NiIsInR5cCI6IkpXVCJ9.eyJ1c2VySWQiOjE0LCJpYXQiOjE3NDQyODQ0MzUsImV4cCI6MTc0NDg4OTIzNX0.SIB5if54KGhrEGjHLyo1CLo65jX6h9dx_oqu73jgatU','2025-04-17 11:27:15',1),(59,14,'eyJhbGciOiJIUzI1NiIsInR5cCI6IkpXVCJ9.eyJ1c2VySWQiOjE0LCJpYXQiOjE3NDQyODQ1OTUsImV4cCI6MTc0NDg4OTM5NX0.tQ5JKBDsr43NBS_knIRlIs0hDrkmkdMa9M0zsznRelI','2025-04-17 11:29:55',0),(60,14,'eyJhbGciOiJIUzI1NiIsInR5cCI6IkpXVCJ9.eyJ1c2VySWQiOjE0LCJpYXQiOjE3NDQyOTY1NzUsImV4cCI6MTc0NDkwMTM3NX0.MR_HZClzArKiuGho6u-ssCGHJjNkrmGbeNDqD4Cb_2w','2025-04-17 14:49:35',1),(61,14,'eyJhbGciOiJIUzI1NiIsInR5cCI6IkpXVCJ9.eyJ1c2VySWQiOjE0LCJpYXQiOjE3NDQyOTY2NzgsImV4cCI6MTc0NDkwMTQ3OH0.Sd8McDj4t7BTM7XOH20W6QLdV97wn_-r1cQGQpYEOB0','2025-04-17 14:51:18',0),(62,14,'eyJhbGciOiJIUzI1NiIsInR5cCI6IkpXVCJ9.eyJ1c2VySWQiOjE0LCJpYXQiOjE3NDQ4Mjk0NzEsImV4cCI6MTc0NTQzNDI3MX0.0N1WEPcJIQxkRFuj0To1WnlwzkFZlcdi0E93oObbdiw','2025-04-23 18:51:11',0),(63,14,'eyJhbGciOiJIUzI1NiIsInR5cCI6IkpXVCJ9.eyJ1c2VySWQiOjE0LCJpYXQiOjE3NDQ4MzExMTIsImV4cCI6MTc0NTQzNTkxMn0.rTu_evyKWcHCjJHkd3IqsUcrNsuTLywnpg9YtqDi6tk','2025-04-23 19:18:32',0),(64,14,'eyJhbGciOiJIUzI1NiIsInR5cCI6IkpXVCJ9.eyJ1c2VySWQiOjE0LCJpYXQiOjE3NDQ4MzM2MTQsImV4cCI6MTc0NTQzODQxNH0.dAZs5xQPQiSFrAWVEoYPiJenoZ_JwSpvYZVshqdW9d0','2025-04-23 20:00:14',0),(65,14,'eyJhbGciOiJIUzI1NiIsInR5cCI6IkpXVCJ9.eyJ1c2VySWQiOjE0LCJpYXQiOjE3NDQ4MzQ5OTgsImV4cCI6MTc0NTQzOTc5OH0.eV9lzLsx-o1owZ4PanE3-yDddvhIiHE5mFwh4rUq_gQ','2025-04-23 20:23:18',0),(66,14,'eyJhbGciOiJIUzI1NiIsInR5cCI6IkpXVCJ9.eyJ1c2VySWQiOjE0LCJpYXQiOjE3NDQ4MzUzMjMsImV4cCI6MTc0NTQ0MDEyM30.p7ARXcKPpPpeafkLVP0jwKdQfURSDeqjdH4XxR36Uqc','2025-04-23 20:28:43',0),(67,14,'eyJhbGciOiJIUzI1NiIsInR5cCI6IkpXVCJ9.eyJ1c2VySWQiOjE0LCJpYXQiOjE3NDQ4NzgwMTYsImV4cCI6MTc0NTQ4MjgxNn0.Uo5lwQ_cwhqO1NFaGEJ-RWVYRIh4fLlkndlFH4eSsnQ','2025-04-24 08:20:16',0),(69,14,'eyJhbGciOiJIUzI1NiIsInR5cCI6IkpXVCJ9.eyJ1c2VySWQiOjE0LCJpYXQiOjE3NDQ4ODAyNTUsImV4cCI6MTc0NTQ4NTA1NX0.13-IxkQK4WJl3yUwDzeAAQxmrs3SjmTYs595bLjbKko','2025-04-24 08:57:35',0),(70,14,'eyJhbGciOiJIUzI1NiIsInR5cCI6IkpXVCJ9.eyJ1c2VySWQiOjE0LCJpYXQiOjE3NDQ4ODAyNTYsImV4cCI6MTc0NTQ4NTA1Nn0.iYhEB1bckW0vW3mZ1IpAqk9RyjzbcPMpmVyu4rQWEE8','2025-04-24 08:57:36',0),(71,14,'eyJhbGciOiJIUzI1NiIsInR5cCI6IkpXVCJ9.eyJ1c2VySWQiOjE0LCJpYXQiOjE3NDQ4ODAyNTcsImV4cCI6MTc0NTQ4NTA1N30.BF277lXe1OmDB9cG8debevTxSSoNZsa8tglauZ5LXZQ','2025-04-24 08:57:37',0),(72,14,'eyJhbGciOiJIUzI1NiIsInR5cCI6IkpXVCJ9.eyJ1c2VySWQiOjE0LCJpYXQiOjE3NDQ4ODAyNjgsImV4cCI6MTc0NTQ4NTA2OH0.MJ_qrIgdKVAaYv3-NmpokFQ4TNrGaz7lkzqGwaJUyPE','2025-04-24 08:57:48',0),(73,14,'eyJhbGciOiJIUzI1NiIsInR5cCI6IkpXVCJ9.eyJ1c2VySWQiOjE0LCJpYXQiOjE3NDQ4ODE0NDgsImV4cCI6MTc0NTQ4NjI0OH0.5jQrIVTx198nZRHMELYl65nzvmYACFKsrOGgaRL-Q10','2025-04-24 09:17:28',0),(74,11,'eyJhbGciOiJIUzI1NiIsInR5cCI6IkpXVCJ9.eyJ1c2VySWQiOjExLCJpYXQiOjE3NDQ4ODUyNTgsImV4cCI6MTc0NTQ5MDA1OH0.-hqp0JMbTer_wRz-HI6r7RdOeT0FBKGPbDCSpvVy5-Q','2025-04-24 10:20:58',0),(75,14,'eyJhbGciOiJIUzI1NiIsInR5cCI6IkpXVCJ9.eyJ1c2VySWQiOjE0LCJpYXQiOjE3NDQ5MTQzNzgsImV4cCI6MTc0NTUxOTE3OH0.IHhRI0JnAm64Wqp9AsmTzywgvv31nmr8Tj4Tf8FiP9k','2025-04-24 18:26:18',0),(76,14,'eyJhbGciOiJIUzI1NiIsInR5cCI6IkpXVCJ9.eyJ1c2VySWQiOjE0LCJpYXQiOjE3NDQ5MTUxMDksImV4cCI6MTc0NTUxOTkwOX0.o7rRWA-NfM-W_Ao5aW2KBfac0bstt_XAtCAmKHedQn8','2025-04-24 18:38:29',0),(77,14,'eyJhbGciOiJIUzI1NiIsInR5cCI6IkpXVCJ9.eyJ1c2VySWQiOjE0LCJpYXQiOjE3NDQ5MTYxNjYsImV4cCI6MTc0NTUyMDk2Nn0.ajo0mJ-nL8O1QCNitUYeXH-9dkXwDig0LK5gmY-STvI','2025-04-24 18:56:06',0),(78,14,'eyJhbGciOiJIUzI1NiIsInR5cCI6IkpXVCJ9.eyJ1c2VySWQiOjE0LCJpYXQiOjE3NDQ5MTYxNjcsImV4cCI6MTc0NTUyMDk2N30.Wrx7ULuF6eZNjlaG442ltdEIM3hls-a-KRCAYFHT7B0','2025-04-24 18:56:07',0),(79,14,'eyJhbGciOiJIUzI1NiIsInR5cCI6IkpXVCJ9.eyJ1c2VySWQiOjE0LCJpYXQiOjE3NDQ5MTYxNjgsImV4cCI6MTc0NTUyMDk2OH0.Dj61uBlfxKRxdsa34ha5yUU5wfyTbu7SDNbyKdl6_HI','2025-04-24 18:56:08',0),(82,14,'eyJhbGciOiJIUzI1NiIsInR5cCI6IkpXVCJ9.eyJ1c2VySWQiOjE0LCJpYXQiOjE3NDQ5MTc1NDAsImV4cCI6MTc0NTUyMjM0MH0.nNYvS9zGgCY-83Ci4muqyTWR8GPB8bcpTDKE6j7MimY','2025-04-24 19:19:00',0),(83,14,'eyJhbGciOiJIUzI1NiIsInR5cCI6IkpXVCJ9.eyJ1c2VySWQiOjE0LCJpYXQiOjE3NDQ5MjAzMTYsImV4cCI6MTc0NTUyNTExNn0.WtyEPbILxf4pHgKwipUOgJfnSqY269UYtRTxxbGSmEE','2025-04-24 20:05:16',0),(86,14,'eyJhbGciOiJIUzI1NiIsInR5cCI6IkpXVCJ9.eyJ1c2VySWQiOjE0LCJpYXQiOjE3NDQ5MjAzMTgsImV4cCI6MTc0NTUyNTExOH0.SfrXZZ3H3kFaIgSNrq_st3ljCckigkX9PAg9weKKu44','2025-04-24 20:05:18',0),(87,14,'eyJhbGciOiJIUzI1NiIsInR5cCI6IkpXVCJ9.eyJ1c2VySWQiOjE0LCJpYXQiOjE3NDQ5MjAzMTksImV4cCI6MTc0NTUyNTExOX0.BxDPDI58Ck8ZwW-QfoVyj4BwtmaM9LGtwX3wuJFdDaQ','2025-04-24 20:05:19',0),(89,14,'eyJhbGciOiJIUzI1NiIsInR5cCI6IkpXVCJ9.eyJ1c2VySWQiOjE0LCJpYXQiOjE3NDQ5MjIzODcsImV4cCI6MTc0NTUyNzE4N30.MfJYSIG6SYdVkKRCMA4o6qrpL47soFC9D0tkxFBodMs','2025-04-24 20:39:47',0),(90,14,'eyJhbGciOiJIUzI1NiIsInR5cCI6IkpXVCJ9.eyJ1c2VySWQiOjE0LCJpYXQiOjE3NDQ5Mzk5NDcsImV4cCI6MTc0NTU0NDc0N30.rO1ncBIbIvbHjVjdVz4Zb_8SA-7N6vlDEvtuRHhTzLo','2025-04-25 01:32:27',0),(91,14,'eyJhbGciOiJIUzI1NiIsInR5cCI6IkpXVCJ9.eyJ1c2VySWQiOjE0LCJpYXQiOjE3NDU3NDQzMDEsImV4cCI6MTc0NjM0OTEwMX0.MfbXlhqiWFdjcyuiP4DcdORaj2AoHqfNJE6d4dC1PVU','2025-05-04 08:58:21',1),(92,14,'eyJhbGciOiJIUzI1NiIsInR5cCI6IkpXVCJ9.eyJ1c2VySWQiOjE0LCJpYXQiOjE3NDU3NDUzODEsImV4cCI6MTc0NjM1MDE4MX0.WMIO2FP3W3eRsy68Nj_IEHeqb8EHnb5xnvPTdv1iBEs','2025-05-04 09:16:21',0),(93,14,'eyJhbGciOiJIUzI1NiIsInR5cCI6IkpXVCJ9.eyJ1c2VySWQiOjE0LCJpYXQiOjE3NDU3NDcxNjMsImV4cCI6MTc0NjM1MTk2M30.h08gVICptsoX_MijpXXVqbGyy6-Fpw-oFHswJ0CvvHI','2025-05-04 09:46:03',0),(94,14,'eyJhbGciOiJIUzI1NiIsInR5cCI6IkpXVCJ9.eyJ1c2VySWQiOjE0LCJpYXQiOjE3NDU3NTIzOTgsImV4cCI6MTc0NjM1NzE5OH0._bEPz8DdRu_4KNR5N9bHyxIvHwr3WH7C3_hddUNGEGM','2025-05-04 11:13:18',0),(95,22,'eyJhbGciOiJIUzI1NiIsInR5cCI6IkpXVCJ9.eyJ1c2VySWQiOjIyLCJpYXQiOjE3NDU3NjU5NTUsImV4cCI6MTc0NjM3MDc1NX0.XTSZ6Ga4zMDOm3Qr9AIsjBoax4hTxEcfKUUiQ-qa7jI','2025-05-04 14:59:15',1),(96,11,'eyJhbGciOiJIUzI1NiIsInR5cCI6IkpXVCJ9.eyJ1c2VySWQiOjExLCJpYXQiOjE3NDU3NjYxODYsImV4cCI6MTc0NjM3MDk4Nn0.9wvRh6zKe97_fH7b7GgrJEJmWhfrkjqPvGbsi3zTTdE','2025-05-04 15:03:06',1),(97,14,'eyJhbGciOiJIUzI1NiIsInR5cCI6IkpXVCJ9.eyJ1c2VySWQiOjE0LCJpYXQiOjE3NDU3Njk1NjIsImV4cCI6MTc0NjM3NDM2Mn0.3qFcM5PoZuXeX1cCIWSRr82cb1lC6_Y_OYgxx9iO4IU','2025-05-04 15:59:22',0),(98,14,'eyJhbGciOiJIUzI1NiIsInR5cCI6IkpXVCJ9.eyJ1c2VySWQiOjE0LCJpYXQiOjE3NDU3Nzg2MjYsImV4cCI6MTc0NjM4MzQyNn0.0ZUMaWxUFaO78j3XYwVQ-FOwdftEPbShwSu2jPO7rIE','2025-05-04 18:30:26',1),(99,14,'eyJhbGciOiJIUzI1NiIsInR5cCI6IkpXVCJ9.eyJ1c2VySWQiOjE0LCJpYXQiOjE3NDU3NzkwNTMsImV4cCI6MTc0NjM4Mzg1M30.Q27DtFhb3ptuV92YuaYmsuKA--3GiQIvgPCk6uUQ1p8','2025-05-04 18:37:33',0),(100,14,'eyJhbGciOiJIUzI1NiIsInR5cCI6IkpXVCJ9.eyJ1c2VySWQiOjE0LCJpYXQiOjE3NDU3ODQwODAsImV4cCI6MTc0NjM4ODg4MH0.LBnOmWmw3aqFQiwW6dSuZVqdhMQT4X-12R4UuOHGQVI','2025-05-04 20:01:20',0),(101,14,'eyJhbGciOiJIUzI1NiIsInR5cCI6IkpXVCJ9.eyJ1c2VySWQiOjE0LCJpYXQiOjE3NDU3ODQwODEsImV4cCI6MTc0NjM4ODg4MX0.23wQNgBccbg3a_MlCbFo__dOAe38H3hVcuf6_SeJuRc','2025-05-04 20:01:21',0),(103,14,'eyJhbGciOiJIUzI1NiIsInR5cCI6IkpXVCJ9.eyJ1c2VySWQiOjE0LCJpYXQiOjE3NDU3ODQwODIsImV4cCI6MTc0NjM4ODg4Mn0.hzw6XZTH4PcfLNl_cpKy0zb6Bd1AsLMMxeGcKBxGdjM','2025-05-04 20:01:22',0),(104,14,'eyJhbGciOiJIUzI1NiIsInR5cCI6IkpXVCJ9.eyJ1c2VySWQiOjE0LCJpYXQiOjE3NDU4NDM3NjcsImV4cCI6MTc0NjQ0ODU2N30.bP4ATIuqa8NuIob-Ga6kmyAFYd_uLzQQvDvSjHwttrA','2025-05-05 12:36:07',1),(105,14,'eyJhbGciOiJIUzI1NiIsInR5cCI6IkpXVCJ9.eyJ1c2VySWQiOjE0LCJpYXQiOjE3NDU4NDQxMDMsImV4cCI6MTc0NjQ0ODkwM30.2nCWWb9VsMbUVAoFt-KpIEQMbVzaDhEsP9m4lUxcZWY','2025-05-05 12:41:43',1),(106,14,'eyJhbGciOiJIUzI1NiIsInR5cCI6IkpXVCJ9.eyJ1c2VySWQiOjE0LCJpYXQiOjE3NDU4NDQxNTgsImV4cCI6MTc0NjQ0ODk1OH0.QaAqwib2L8ZWkJgTxLbThKRKXpGbSW6V3WWzJAyme6M','2025-05-05 12:42:38',1),(107,14,'eyJhbGciOiJIUzI1NiIsInR5cCI6IkpXVCJ9.eyJ1c2VySWQiOjE0LCJpYXQiOjE3NDU4NDQzNzYsImV4cCI6MTc0NjQ0OTE3Nn0.VJJ9jBAgf1id9Nvzbgl6lqcZX7_X61bwhsT0ck_htqk','2025-05-05 12:46:16',0),(108,14,'eyJhbGciOiJIUzI1NiIsInR5cCI6IkpXVCJ9.eyJ1c2VySWQiOjE0LCJpYXQiOjE3NDU4NDQ3MDEsImV4cCI6MTc0NjQ0OTUwMX0.T172p4lEJK5KBEsxFQawkGqg50MJuDp2rdLEnZ5ajZ0','2025-05-05 12:51:41',0),(109,11,'eyJhbGciOiJIUzI1NiIsInR5cCI6IkpXVCJ9.eyJ1c2VySWQiOjExLCJpYXQiOjE3NDU4NDY0MDgsImV4cCI6MTc0NjQ1MTIwOH0.3GKto6XmidN7zueS6Ct15EmYO59ySUW4SYocUJu-qW0','2025-05-05 13:20:08',0),(110,14,'eyJhbGciOiJIUzI1NiIsInR5cCI6IkpXVCJ9.eyJ1c2VySWQiOjE0LCJpYXQiOjE3NDU4NDk5NzQsImV4cCI6MTc0NjQ1NDc3NH0.Oc3Kbf7oMkePRGjW-3Mu541eLdfgW7BAqXVAFpabwHQ','2025-05-05 14:19:34',1),(111,14,'eyJhbGciOiJIUzI1NiIsInR5cCI6IkpXVCJ9.eyJ1c2VySWQiOjE0LCJpYXQiOjE3NDU4NTA5NTIsImV4cCI6MTc0NjQ1NTc1Mn0.4UTlXOA0uGe6eY2WRQ8-pDiWUIkTmzoZcLt3zYubQRY','2025-05-05 14:35:52',0),(112,14,'eyJhbGciOiJIUzI1NiIsInR5cCI6IkpXVCJ9.eyJ1c2VySWQiOjE0LCJpYXQiOjE3NDU4NTEwOTgsImV4cCI6MTc0NjQ1NTg5OH0.9CZDeZTW-3kEGgAbyzF_Z3u8HNZw0SohUNaXOStD4_E','2025-05-05 14:38:18',0);
/*!40000 ALTER TABLE `refresh_tokens` ENABLE KEYS */;
UNLOCK TABLES;

--
-- Table structure for table `users`
--

DROP TABLE IF EXISTS `users`;
/*!40101 SET @saved_cs_client     = @@character_set_client */;
/*!50503 SET character_set_client = utf8mb4 */;
CREATE TABLE `users` (
  `id` int NOT NULL AUTO_INCREMENT,
  `google_id` varchar(255) DEFAULT NULL,
  `email` varchar(255) DEFAULT NULL,
  `password` varchar(255) DEFAULT NULL,
  `display_name` varchar(100) DEFAULT NULL,
  `role` enum('reader','author','admin') DEFAULT NULL,
  `is_verified` tinyint(1) DEFAULT NULL,
  `verification_token` varchar(255) DEFAULT NULL,
  `reset_password_token` varchar(255) DEFAULT NULL,
  `reset_token_expiry` datetime DEFAULT NULL,
  `created_at` timestamp NULL DEFAULT CURRENT_TIMESTAMP,
  `updated_at` timestamp NULL DEFAULT CURRENT_TIMESTAMP ON UPDATE CURRENT_TIMESTAMP,
  PRIMARY KEY (`id`),
  UNIQUE KEY `email` (`email`)
) ENGINE=InnoDB AUTO_INCREMENT=24 DEFAULT CHARSET=utf8mb4 COLLATE=utf8mb4_0900_ai_ci;
/*!40101 SET character_set_client = @saved_cs_client */;

--
-- Dumping data for table `users`
--

LOCK TABLES `users` WRITE;
/*!40000 ALTER TABLE `users` DISABLE KEYS */;
INSERT INTO `users` VALUES (1,'google_1','nguyenvana@example.com','hashed_password_1','Nguyễn Văn A','reader',1,NULL,NULL,NULL,'2025-03-31 04:05:38','2025-03-31 04:05:38'),(2,'google_2','tranthib@example.com','hashed_password_2','Trần Thị B','author',1,NULL,NULL,NULL,'2025-03-31 04:05:38','2025-03-31 04:05:38'),(4,'google_4','phamthingoc@example.com','hashed_password_4','Phạm Thị Ngọc D','reader',0,'token_4',NULL,NULL,'2025-03-31 04:05:38','2025-03-31 04:05:38'),(5,'google_5','dangvanh@example.com','hashed_password_5','Đặng Văn H','author',1,NULL,NULL,NULL,'2025-03-31 04:05:38','2025-03-31 04:05:38'),(7,'google_7','buituan@example.com','hashed_password_7','Bùi Tuấn K','reader',0,'token_7',NULL,NULL,'2025-03-31 04:05:38','2025-03-31 04:05:38'),(8,'google_8','doanminh@example.com','hashed_password_8','Đoàn Minh L','author',1,NULL,NULL,NULL,'2025-03-31 04:05:38','2025-03-31 04:05:38'),(11,'110682636650495845528','nguyenhieushanley2210@gmail.com',NULL,'Nguyễn Hiếu [Shanley]','reader',1,NULL,NULL,NULL,'2025-03-31 05:38:17','2025-03-31 05:38:17'),(12,NULL,'test@example.com','$2b$10$KhB9ldxyk.KbG.bEZi./tuW6xwcXEBL9nmLjCaRJrquMcUjxC19DC','Test User','reader',0,'3ed29f6a3b11b3076e9f0c959984e42d3e4ef947e100cd497dc54b87153900dc','79a32b0469f4831785c66386bf677387767574f3ba154a6e732ac19427531c1b','2025-03-31 13:02:45','2025-03-31 08:50:03','2025-03-31 12:02:45'),(13,NULL,'nguyenhieushanley.hoyo@gmail.com','$2b$10$AWpl1l6X5E.qs/WxZpEnb.ByPRHyJurmUSiwVbbUlxosTRR1D/mz6','Test User','reader',0,'1e17c457f1362c64d6267d1adbd71895baea2d19fbebf9b9e4d360a54198c40d',NULL,NULL,'2025-03-31 08:50:46','2025-03-31 12:31:48'),(14,NULL,'test1@example.com','$2b$10$4u9QhqfGvx7I9KSK/2Frl.eB8grISEwdDioFchd7cxdcuVtyYdVwO','Test User','admin',1,NULL,'a7938dba3973ab211de81f152a4bf92eaaad4759d8ba41e87077f6bbf49c53de','2025-03-31 13:02:28','2025-03-31 08:57:50','2025-04-04 02:58:12'),(15,NULL,'test1@gmail.com','$2b$10$r3N8kR5cd1ZuRwh33PtdHuOf1w3FC6QC1fnhHn4pcG8papl70hah.','Shanley2210','reader',0,NULL,NULL,NULL,'2025-04-09 07:02:33','2025-04-09 07:02:33'),(16,NULL,'test2@gmail.com','$2b$10$Hd5tnvhzuKwFaV7XsfqDZ.4EsmkgIeAAz8LYVhcP2zB4tibLgGpDq','Shanley2','reader',1,NULL,NULL,NULL,'2025-04-09 07:04:47','2025-04-09 07:04:47'),(17,NULL,'test3@gmail.com','$2b$10$woPLDBCTggv/sAbuoQ1ym.VsJDj7mZ1.G4TX3XMjDyOH6GVBm2L.2','Shanley3','reader',1,NULL,NULL,NULL,'2025-04-09 07:05:45','2025-04-09 07:05:45'),(18,NULL,'test4@gmail.com','$2b$10$1zLe0qMEG9UNKVB1/lYTV.dtV4dIWoKWufcODCPoxApIstF1T9Wb6','Shanley4','reader',1,NULL,NULL,NULL,'2025-04-09 07:28:02','2025-04-09 07:28:02'),(19,NULL,'test5@gmail.com','$2b$10$kpZnma7pMrb/5x9dC9BPFedCCXmsrb4dc4fqP4CitjZ9fcaankk5y','Shanley5','reader',1,NULL,NULL,NULL,'2025-04-09 07:38:42','2025-04-09 07:38:42'),(20,NULL,'test6@gmail.com','$2b$10$a5jI.T9uK/VVeyAfww/vqeqpmA7IJ2wqJxz5qRmzFHfRKW7jhGs4S','Shanley6','reader',1,NULL,NULL,NULL,'2025-04-09 07:51:07','2025-04-09 07:51:07'),(21,'111952796210856431054','tranducthai12a2@gmail.com',NULL,'Thái Đức','reader',1,NULL,NULL,NULL,'2025-04-10 08:40:02','2025-04-10 08:40:02'),(22,NULL,'shanley2210@gmail.com','$2b$10$INZQExY2sWYUjMGdnI.YMeddTy0TpMwoMQUlYAoV8QWU9U.hXymNO','Shanley2210','reader',1,NULL,NULL,NULL,'2025-04-27 14:59:08','2025-04-27 14:59:08'),(23,NULL,'khanhlinhhuynh457@gmail.com','$2b$10$Is/ASURUJPBxjf1hJANM1uiM7rMzBJgx9yIxqZsoSuCoD3wAq36gK','Linhlinh','reader',1,NULL,NULL,NULL,'2025-04-28 14:15:41','2025-04-28 14:15:41');
/*!40000 ALTER TABLE `users` ENABLE KEYS */;
UNLOCK TABLES;
SET @@SESSION.SQL_LOG_BIN = @MYSQLDUMP_TEMP_LOG_BIN;
/*!40103 SET TIME_ZONE=@OLD_TIME_ZONE */;

/*!40101 SET SQL_MODE=@OLD_SQL_MODE */;
/*!40014 SET FOREIGN_KEY_CHECKS=@OLD_FOREIGN_KEY_CHECKS */;
/*!40014 SET UNIQUE_CHECKS=@OLD_UNIQUE_CHECKS */;
/*!40101 SET CHARACTER_SET_CLIENT=@OLD_CHARACTER_SET_CLIENT */;
/*!40101 SET CHARACTER_SET_RESULTS=@OLD_CHARACTER_SET_RESULTS */;
/*!40101 SET COLLATION_CONNECTION=@OLD_COLLATION_CONNECTION */;
/*!40111 SET SQL_NOTES=@OLD_SQL_NOTES */;

-- Dump completed on 2025-04-28 21:37:16
